Country Name,Country Code,Indicator Name,Indicator Code,Year,GDP
Africa Eastern and Southern,AFE,GDP (current US$),NY.GDP.MKTP.CD,2022,1185137703650.99
Africa Eastern and Southern,AFE,GDP (current US$),NY.GDP.MKTP.CD,2021,1086530704900.5
Africa Eastern and Southern,AFE,GDP (current US$),NY.GDP.MKTP.CD,2020,928880235176.594
Africa Eastern and Southern,AFE,GDP (current US$),NY.GDP.MKTP.CD,2019,1006191000190.48
Africa Eastern and Southern,AFE,GDP (current US$),NY.GDP.MKTP.CD,2018,1012521425296.35
Africa Western and Central,AFW,GDP (current US$),NY.GDP.MKTP.CD,2022,875393693658.084
Africa Western and Central,AFW,GDP (current US$),NY.GDP.MKTP.CD,2021,844927536437.833
Africa Western and Central,AFW,GDP (current US$),NY.GDP.MKTP.CD,2020,786962436538.391
Africa Western and Central,AFW,GDP (current US$),NY.GDP.MKTP.CD,2019,823405580187.913
Africa Western and Central,AFW,GDP (current US$),NY.GDP.MKTP.CD,2018,768158194632.397
Arab World,ARB,GDP (current US$),NY.GDP.MKTP.CD,2022,3543339785308.86
Arab World,ARB,GDP (current US$),NY.GDP.MKTP.CD,2021,2930480380710.72
Arab World,ARB,GDP (current US$),NY.GDP.MKTP.CD,2020,2535508549316.27
Arab World,ARB,GDP (current US$),NY.GDP.MKTP.CD,2019,2871654771820.86
Arab World,ARB,GDP (current US$),NY.GDP.MKTP.CD,2018,2845898419157.25
Caribbean small states,CSS,GDP (current US$),NY.GDP.MKTP.CD,2022,94867024971.9129
Caribbean small states,CSS,GDP (current US$),NY.GDP.MKTP.CD,2021,76123490342.5381
Caribbean small states,CSS,GDP (current US$),NY.GDP.MKTP.CD,2020,65860096129.8181
Caribbean small states,CSS,GDP (current US$),NY.GDP.MKTP.CD,2019,77253744414.7289
Caribbean small states,CSS,GDP (current US$),NY.GDP.MKTP.CD,2018,76540797383.5589
Central Europe and the Baltics,CEB,GDP (current US$),NY.GDP.MKTP.CD,2022,1944198197077.57
Central Europe and the Baltics,CEB,GDP (current US$),NY.GDP.MKTP.CD,2021,1908002281033.51
Central Europe and the Baltics,CEB,GDP (current US$),NY.GDP.MKTP.CD,2020,1665327992740.77
Central Europe and the Baltics,CEB,GDP (current US$),NY.GDP.MKTP.CD,2019,1674210532695.96
Central Europe and the Baltics,CEB,GDP (current US$),NY.GDP.MKTP.CD,2018,1648634467771.53
Early-demographic dividend,EAR,GDP (current US$),NY.GDP.MKTP.CD,2022,14148420366435.9
Early-demographic dividend,EAR,GDP (current US$),NY.GDP.MKTP.CD,2021,12716982787439.0
Early-demographic dividend,EAR,GDP (current US$),NY.GDP.MKTP.CD,2020,10941489484842.6
Early-demographic dividend,EAR,GDP (current US$),NY.GDP.MKTP.CD,2019,11743140069350.9
Early-demographic dividend,EAR,GDP (current US$),NY.GDP.MKTP.CD,2018,11504322295801.5
East Asia & Pacific,EAS,GDP (current US$),NY.GDP.MKTP.CD,2022,30712490177155.8
East Asia & Pacific,EAS,GDP (current US$),NY.GDP.MKTP.CD,2021,31141271720840.7
East Asia & Pacific,EAS,GDP (current US$),NY.GDP.MKTP.CD,2020,27155249687649.4
East Asia & Pacific,EAS,GDP (current US$),NY.GDP.MKTP.CD,2019,27032674446875.7
East Asia & Pacific,EAS,GDP (current US$),NY.GDP.MKTP.CD,2018,26487849774769.5
East Asia & Pacific (excluding high income),EAP,GDP (current US$),NY.GDP.MKTP.CD,2022,21193771562304.2
East Asia & Pacific (excluding high income),EAP,GDP (current US$),NY.GDP.MKTP.CD,2021,20839170495754.5
East Asia & Pacific (excluding high income),EAP,GDP (current US$),NY.GDP.MKTP.CD,2020,17487617929386.2
East Asia & Pacific (excluding high income),EAP,GDP (current US$),NY.GDP.MKTP.CD,2019,17213484850175.7
East Asia & Pacific (excluding high income),EAP,GDP (current US$),NY.GDP.MKTP.CD,2018,16640611153965.4
East Asia & Pacific (IDA & IBRD countries),TEA,GDP (current US$),NY.GDP.MKTP.CD,2022,21167325456079.4
East Asia & Pacific (IDA & IBRD countries),TEA,GDP (current US$),NY.GDP.MKTP.CD,2021,20813163295456.1
East Asia & Pacific (IDA & IBRD countries),TEA,GDP (current US$),NY.GDP.MKTP.CD,2020,17465796008751.6
East Asia & Pacific (IDA & IBRD countries),TEA,GDP (current US$),NY.GDP.MKTP.CD,2019,17192007435430.8
East Asia & Pacific (IDA & IBRD countries),TEA,GDP (current US$),NY.GDP.MKTP.CD,2018,16619858519557.6
Euro area,EMU,GDP (current US$),NY.GDP.MKTP.CD,2022,14207593902747.6
Euro area,EMU,GDP (current US$),NY.GDP.MKTP.CD,2021,14754736438720.2
Euro area,EMU,GDP (current US$),NY.GDP.MKTP.CD,2020,13154981793981.9
Euro area,EMU,GDP (current US$),NY.GDP.MKTP.CD,2019,13480528531193.6
Euro area,EMU,GDP (current US$),NY.GDP.MKTP.CD,2018,13760663487274.4
Europe & Central Asia,ECS,GDP (current US$),NY.GDP.MKTP.CD,2022,25344209837077.1
Europe & Central Asia,ECS,GDP (current US$),NY.GDP.MKTP.CD,2021,25324876871395.7
Europe & Central Asia,ECS,GDP (current US$),NY.GDP.MKTP.CD,2020,22156584402676.9
Europe & Central Asia,ECS,GDP (current US$),NY.GDP.MKTP.CD,2019,22907909231787.3
Europe & Central Asia,ECS,GDP (current US$),NY.GDP.MKTP.CD,2018,23188460071899.6
Europe & Central Asia (excluding high income),ECA,GDP (current US$),NY.GDP.MKTP.CD,2022,4129330109662.66
Europe & Central Asia (excluding high income),ECA,GDP (current US$),NY.GDP.MKTP.CD,2021,3580124604033.79
Europe & Central Asia (excluding high income),ECA,GDP (current US$),NY.GDP.MKTP.CD,2020,2991607694833.72
Europe & Central Asia (excluding high income),ECA,GDP (current US$),NY.GDP.MKTP.CD,2019,3250597309710.46
Europe & Central Asia (excluding high income),ECA,GDP (current US$),NY.GDP.MKTP.CD,2018,3183375960368.65
Europe & Central Asia (IDA & IBRD countries),TEC,GDP (current US$),NY.GDP.MKTP.CD,2022,5189746524698.23
Europe & Central Asia (IDA & IBRD countries),TEC,GDP (current US$),NY.GDP.MKTP.CD,2021,4616362221588.67
Europe & Central Asia (IDA & IBRD countries),TEC,GDP (current US$),NY.GDP.MKTP.CD,2020,3900173017455.42
Europe & Central Asia (IDA & IBRD countries),TEC,GDP (current US$),NY.GDP.MKTP.CD,2019,4159143876282.08
Europe & Central Asia (IDA & IBRD countries),TEC,GDP (current US$),NY.GDP.MKTP.CD,2018,4076953150706.89
European Union,EUU,GDP (current US$),NY.GDP.MKTP.CD,2022,16746544871112.0
European Union,EUU,GDP (current US$),NY.GDP.MKTP.CD,2021,17315218527836.1
European Union,EUU,GDP (current US$),NY.GDP.MKTP.CD,2020,15381174426002.4
European Union,EUU,GDP (current US$),NY.GDP.MKTP.CD,2019,15693432719569.6
European Union,EUU,GDP (current US$),NY.GDP.MKTP.CD,2018,15980992271824.8
Fragile and conflict affected situations,FCS,GDP (current US$),NY.GDP.MKTP.CD,2022,1906134056808.84
Fragile and conflict affected situations,FCS,GDP (current US$),NY.GDP.MKTP.CD,2021,1782595197342.36
Fragile and conflict affected situations,FCS,GDP (current US$),NY.GDP.MKTP.CD,2020,1666563897610.01
Fragile and conflict affected situations,FCS,GDP (current US$),NY.GDP.MKTP.CD,2019,1838740662563.75
Fragile and conflict affected situations,FCS,GDP (current US$),NY.GDP.MKTP.CD,2018,1735106586576.45
Heavily indebted poor countries (HIPC),HPC,GDP (current US$),NY.GDP.MKTP.CD,2022,980688371242.572
Heavily indebted poor countries (HIPC),HPC,GDP (current US$),NY.GDP.MKTP.CD,2021,901695869344.623
Heavily indebted poor countries (HIPC),HPC,GDP (current US$),NY.GDP.MKTP.CD,2020,811638956819.199
Heavily indebted poor countries (HIPC),HPC,GDP (current US$),NY.GDP.MKTP.CD,2019,802980678249.156
Heavily indebted poor countries (HIPC),HPC,GDP (current US$),NY.GDP.MKTP.CD,2018,774573998850.907
High income,,GDP (current US$),NY.GDP.MKTP.CD,2022,61729512123777.8
High income,,GDP (current US$),NY.GDP.MKTP.CD,2021,60245547578675.2
High income,,GDP (current US$),NY.GDP.MKTP.CD,2020,53962245346670.1
High income,,GDP (current US$),NY.GDP.MKTP.CD,2019,55313082529074.3
High income,,GDP (current US$),NY.GDP.MKTP.CD,2018,54836830985504.0
IBRD only,IBD,GDP (current US$),NY.GDP.MKTP.CD,2022,37752366428370.0
IBRD only,IBD,GDP (current US$),NY.GDP.MKTP.CD,2021,35660094024046.1
IBRD only,IBD,GDP (current US$),NY.GDP.MKTP.CD,2020,30066587396556.6
IBRD only,IBD,GDP (current US$),NY.GDP.MKTP.CD,2019,31223142705198.9
IBRD only,IBD,GDP (current US$),NY.GDP.MKTP.CD,2018,30560357864180.0
IDA & IBRD total,IBT,GDP (current US$),NY.GDP.MKTP.CD,2022,40573962163610.3
IDA & IBRD total,IBT,GDP (current US$),NY.GDP.MKTP.CD,2021,38289419290322.9
IDA & IBRD total,IBT,GDP (current US$),NY.GDP.MKTP.CD,2020,32484256023838.5
IDA & IBRD total,IBT,GDP (current US$),NY.GDP.MKTP.CD,2019,33691655159953.4
IDA & IBRD total,IBT,GDP (current US$),NY.GDP.MKTP.CD,2018,32938136046152.3
IDA blend,IDB,GDP (current US$),NY.GDP.MKTP.CD,2022,1175091814528.12
IDA blend,IDB,GDP (current US$),NY.GDP.MKTP.CD,2021,1097399972030.71
IDA blend,IDB,GDP (current US$),NY.GDP.MKTP.CD,2020,1003544540837.38
IDA blend,IDB,GDP (current US$),NY.GDP.MKTP.CD,2019,1070881784785.96
IDA blend,IDB,GDP (current US$),NY.GDP.MKTP.CD,2018,1049969368721.42
IDA only,IDX,GDP (current US$),NY.GDP.MKTP.CD,2022,1647744371553.08
IDA only,IDX,GDP (current US$),NY.GDP.MKTP.CD,2021,1533308141483.89
IDA only,IDX,GDP (current US$),NY.GDP.MKTP.CD,2020,1413399718729.76
IDA only,IDX,GDP (current US$),NY.GDP.MKTP.CD,2019,1397275344254.42
IDA only,IDX,GDP (current US$),NY.GDP.MKTP.CD,2018,1327821959516.08
IDA total,IDA,GDP (current US$),NY.GDP.MKTP.CD,2022,2822821779328.87
IDA total,IDA,GDP (current US$),NY.GDP.MKTP.CD,2021,2630708113514.59
IDA total,IDA,GDP (current US$),NY.GDP.MKTP.CD,2020,2416944259567.14
IDA total,IDA,GDP (current US$),NY.GDP.MKTP.CD,2019,2468157129040.39
IDA total,IDA,GDP (current US$),NY.GDP.MKTP.CD,2018,2377791328237.5
Late-demographic dividend,LTE,GDP (current US$),NY.GDP.MKTP.CD,2022,28075737913541.5
Late-demographic dividend,LTE,GDP (current US$),NY.GDP.MKTP.CD,2021,26841170398812.4
Late-demographic dividend,LTE,GDP (current US$),NY.GDP.MKTP.CD,2020,22529291712189.9
Late-demographic dividend,LTE,GDP (current US$),NY.GDP.MKTP.CD,2019,23047304219392.9
Late-demographic dividend,LTE,GDP (current US$),NY.GDP.MKTP.CD,2018,22622945177203.9
Latin America & Caribbean,LCN,GDP (current US$),NY.GDP.MKTP.CD,2022,6302490414791.98
Latin America & Caribbean,LCN,GDP (current US$),NY.GDP.MKTP.CD,2021,5553340649720.43
Latin America & Caribbean,LCN,GDP (current US$),NY.GDP.MKTP.CD,2020,4809518812031.76
Latin America & Caribbean,LCN,GDP (current US$),NY.GDP.MKTP.CD,2019,5660897574206.23
Latin America & Caribbean,LCN,GDP (current US$),NY.GDP.MKTP.CD,2018,5742577449796.09
Latin America & Caribbean (excluding high income),LAC,GDP (current US$),NY.GDP.MKTP.CD,2022,5352536850675.35
Latin America & Caribbean (excluding high income),LAC,GDP (current US$),NY.GDP.MKTP.CD,2021,4665360652347.6
Latin America & Caribbean (excluding high income),LAC,GDP (current US$),NY.GDP.MKTP.CD,2020,4051085288658.45
Latin America & Caribbean (excluding high income),LAC,GDP (current US$),NY.GDP.MKTP.CD,2019,4805258641141.59
Latin America & Caribbean (excluding high income),LAC,GDP (current US$),NY.GDP.MKTP.CD,2018,4870478423342.98
Latin America & the Caribbean (IDA & IBRD countries),TLA,GDP (current US$),NY.GDP.MKTP.CD,2022,6001569526439.77
Latin America & the Caribbean (IDA & IBRD countries),TLA,GDP (current US$),NY.GDP.MKTP.CD,2021,5281323492901.43
Latin America & the Caribbean (IDA & IBRD countries),TLA,GDP (current US$),NY.GDP.MKTP.CD,2020,4561170249972.34
Latin America & the Caribbean (IDA & IBRD countries),TLA,GDP (current US$),NY.GDP.MKTP.CD,2019,5409465895796.12
Latin America & the Caribbean (IDA & IBRD countries),TLA,GDP (current US$),NY.GDP.MKTP.CD,2018,5500845963862.16
Least developed countries: UN classification,LDC,GDP (current US$),NY.GDP.MKTP.CD,2022,1424210446281.73
Least developed countries: UN classification,LDC,GDP (current US$),NY.GDP.MKTP.CD,2021,1265336288798.07
Least developed countries: UN classification,LDC,GDP (current US$),NY.GDP.MKTP.CD,2020,1160259828981.81
Least developed countries: UN classification,LDC,GDP (current US$),NY.GDP.MKTP.CD,2019,1150342153767.93
Least developed countries: UN classification,LDC,GDP (current US$),NY.GDP.MKTP.CD,2018,1090340580865.41
Low & middle income,LMY,GDP (current US$),NY.GDP.MKTP.CD,2022,38810361603320.4
Low & middle income,LMY,GDP (current US$),NY.GDP.MKTP.CD,2021,36577654820988.3
Low & middle income,LMY,GDP (current US$),NY.GDP.MKTP.CD,2020,31016572707362.3
Low & middle income,LMY,GDP (current US$),NY.GDP.MKTP.CD,2019,32161964423657.0
Low & middle income,LMY,GDP (current US$),NY.GDP.MKTP.CD,2018,31407572198498.7
Low income,,GDP (current US$),NY.GDP.MKTP.CD,2022,528124562235.072
Low income,,GDP (current US$),NY.GDP.MKTP.CD,2021,465047139991.8
Low income,,GDP (current US$),NY.GDP.MKTP.CD,2020,438045256317.456
Low income,,GDP (current US$),NY.GDP.MKTP.CD,2019,445190704339.154
Low income,,GDP (current US$),NY.GDP.MKTP.CD,2018,418173076161.261
Lower middle income,,GDP (current US$),NY.GDP.MKTP.CD,2022,8171521483867.57
Lower middle income,,GDP (current US$),NY.GDP.MKTP.CD,2021,7595602780154.06
Lower middle income,,GDP (current US$),NY.GDP.MKTP.CD,2020,6618962128022.98
Lower middle income,,GDP (current US$),NY.GDP.MKTP.CD,2019,6884143285710.08
Lower middle income,,GDP (current US$),NY.GDP.MKTP.CD,2018,6612134450126.96
Middle East & North Africa,MEA,GDP (current US$),NY.GDP.MKTP.CD,2022,4426622170629.0
Middle East & North Africa,MEA,GDP (current US$),NY.GDP.MKTP.CD,2021,3741604188467.06
Middle East & North Africa,MEA,GDP (current US$),NY.GDP.MKTP.CD,2020,3158039788618.23
Middle East & North Africa,MEA,GDP (current US$),NY.GDP.MKTP.CD,2019,3522918900782.3
Middle East & North Africa,MEA,GDP (current US$),NY.GDP.MKTP.CD,2018,3518411932515.51
Middle East & North Africa (excluding high income),MNA,GDP (current US$),NY.GDP.MKTP.CD,2022,1696713423187.56
Middle East & North Africa (excluding high income),MNA,GDP (current US$),NY.GDP.MKTP.CD,2021,1501058612650.41
Middle East & North Africa (excluding high income),MNA,GDP (current US$),NY.GDP.MKTP.CD,2020,1284883935067.64
Middle East & North Africa (excluding high income),MNA,GDP (current US$),NY.GDP.MKTP.CD,2019,1408624311737.43
Middle East & North Africa (excluding high income),MNA,GDP (current US$),NY.GDP.MKTP.CD,2018,1401837441911.77
Middle East & North Africa (IDA & IBRD countries),TMN,GDP (current US$),NY.GDP.MKTP.CD,2022,1677609783949.53
Middle East & North Africa (IDA & IBRD countries),TMN,GDP (current US$),NY.GDP.MKTP.CD,2021,1482949612650.41
Middle East & North Africa (IDA & IBRD countries),TMN,GDP (current US$),NY.GDP.MKTP.CD,2020,1269352235067.64
Middle East & North Africa (IDA & IBRD countries),TMN,GDP (current US$),NY.GDP.MKTP.CD,2019,1391490811737.43
Middle East & North Africa (IDA & IBRD countries),TMN,GDP (current US$),NY.GDP.MKTP.CD,2018,1385560841911.77
Middle income,MIC,GDP (current US$),NY.GDP.MKTP.CD,2022,38281934115375.6
Middle income,MIC,GDP (current US$),NY.GDP.MKTP.CD,2021,36110412339698.6
Middle income,MIC,GDP (current US$),NY.GDP.MKTP.CD,2020,30578372789487.2
Middle income,MIC,GDP (current US$),NY.GDP.MKTP.CD,2019,31716230149539.0
Middle income,MIC,GDP (current US$),NY.GDP.MKTP.CD,2018,30988164983467.2
North America,NAC,GDP (current US$),NY.GDP.MKTP.CD,2022,27608729369422.0
North America,NAC,GDP (current US$),NY.GDP.MKTP.CD,2021,25329679941464.1
North America,NAC,GDP (current US$),NY.GDP.MKTP.CD,2020,22723045490000.2
North America,NAC,GDP (current US$),NY.GDP.MKTP.CD,2019,23132124767672.5
North America,NAC,GDP (current US$),NY.GDP.MKTP.CD,2018,22265612481783.0
Not classified,,GDP (current US$),NY.GDP.MKTP.CD,2022,
Not classified,,GDP (current US$),NY.GDP.MKTP.CD,2021,
Not classified,,GDP (current US$),NY.GDP.MKTP.CD,2020,
Not classified,,GDP (current US$),NY.GDP.MKTP.CD,2019,
Not classified,,GDP (current US$),NY.GDP.MKTP.CD,2018,
OECD members,OED,GDP (current US$),NY.GDP.MKTP.CD,2022,59849878381707.5
OECD members,OED,GDP (current US$),NY.GDP.MKTP.CD,2021,58623788402038.1
OECD members,OED,GDP (current US$),NY.GDP.MKTP.CD,2020,52590370145873.6
OECD members,OED,GDP (current US$),NY.GDP.MKTP.CD,2019,53912943272768.0
OECD members,OED,GDP (current US$),NY.GDP.MKTP.CD,2018,53402556614341.3
Other small states,OSS,GDP (current US$),NY.GDP.MKTP.CD,2022,530807158164.414
Other small states,OSS,GDP (current US$),NY.GDP.MKTP.CD,2021,457103617285.36
Other small states,OSS,GDP (current US$),NY.GDP.MKTP.CD,2020,378440036056.011
Other small states,OSS,GDP (current US$),NY.GDP.MKTP.CD,2019,434461797325.026
Other small states,OSS,GDP (current US$),NY.GDP.MKTP.CD,2018,443324754299.418
Pacific island small states,PSS,GDP (current US$),NY.GDP.MKTP.CD,2022,10324332231.7802
Pacific island small states,PSS,GDP (current US$),NY.GDP.MKTP.CD,2021,9500154100.4459
Pacific island small states,PSS,GDP (current US$),NY.GDP.MKTP.CD,2020,9492350931.30444
Pacific island small states,PSS,GDP (current US$),NY.GDP.MKTP.CD,2019,10709524679.9782
Pacific island small states,PSS,GDP (current US$),NY.GDP.MKTP.CD,2018,10764416947.198
Post-demographic dividend,PST,GDP (current US$),NY.GDP.MKTP.CD,2022,56211584699649.4
Post-demographic dividend,PST,GDP (current US$),NY.GDP.MKTP.CD,2021,55301094121160.6
Post-demographic dividend,PST,GDP (current US$),NY.GDP.MKTP.CD,2020,49740885136767.2
Post-demographic dividend,PST,GDP (current US$),NY.GDP.MKTP.CD,2019,50878122051753.5
Post-demographic dividend,PST,GDP (current US$),NY.GDP.MKTP.CD,2018,50380466224066.0
Pre-demographic dividend,PRE,GDP (current US$),NY.GDP.MKTP.CD,2022,1617245641605.59
Pre-demographic dividend,PRE,GDP (current US$),NY.GDP.MKTP.CD,2021,1432814193024.43
Pre-demographic dividend,PRE,GDP (current US$),NY.GDP.MKTP.CD,2020,1309417999889.29
Pre-demographic dividend,PRE,GDP (current US$),NY.GDP.MKTP.CD,2019,1426582966203.49
Pre-demographic dividend,PRE,GDP (current US$),NY.GDP.MKTP.CD,2018,1353328613575.52
Small states,SST,GDP (current US$),NY.GDP.MKTP.CD,2022,636018280142.001
Small states,SST,GDP (current US$),NY.GDP.MKTP.CD,2021,542727261728.344
Small states,SST,GDP (current US$),NY.GDP.MKTP.CD,2020,453792483117.133
Small states,SST,GDP (current US$),NY.GDP.MKTP.CD,2019,522425066419.733
Small states,SST,GDP (current US$),NY.GDP.MKTP.CD,2018,530629968630.175
South Asia,SAS,GDP (current US$),NY.GDP.MKTP.CD,2022,4390347563465.91
South Asia,SAS,GDP (current US$),NY.GDP.MKTP.CD,2021,4062850047299.39
South Asia,SAS,GDP (current US$),NY.GDP.MKTP.CD,2020,3489923527067.67
South Asia,SAS,GDP (current US$),NY.GDP.MKTP.CD,2019,3658216510053.27
South Asia,SAS,GDP (current US$),NY.GDP.MKTP.CD,2018,3534083235323.88
South Asia (IDA & IBRD),TSA,GDP (current US$),NY.GDP.MKTP.CD,2022,4390347563465.91
South Asia (IDA & IBRD),TSA,GDP (current US$),NY.GDP.MKTP.CD,2021,4062850047299.39
South Asia (IDA & IBRD),TSA,GDP (current US$),NY.GDP.MKTP.CD,2020,3489923527067.67
South Asia (IDA & IBRD),TSA,GDP (current US$),NY.GDP.MKTP.CD,2019,3658216510053.27
South Asia (IDA & IBRD),TSA,GDP (current US$),NY.GDP.MKTP.CD,2018,3534083235323.88
Sub-Saharan Africa,SSF,GDP (current US$),NY.GDP.MKTP.CD,2022,2060531397309.08
Sub-Saharan Africa,SSF,GDP (current US$),NY.GDP.MKTP.CD,2021,1931458241338.34
Sub-Saharan Africa,SSF,GDP (current US$),NY.GDP.MKTP.CD,2020,1715842671714.98
Sub-Saharan Africa,SSF,GDP (current US$),NY.GDP.MKTP.CD,2019,1829596580378.4
Sub-Saharan Africa,SSF,GDP (current US$),NY.GDP.MKTP.CD,2018,1780679619928.75
Sub-Saharan Africa (excluding high income),SSA,GDP (current US$),NY.GDP.MKTP.CD,2022,2058942959164.7
Sub-Saharan Africa (excluding high income),SSA,GDP (current US$),NY.GDP.MKTP.CD,2021,1930171554030.08
Sub-Saharan Africa (excluding high income),SSA,GDP (current US$),NY.GDP.MKTP.CD,2020,1714659156400.95
Sub-Saharan Africa (excluding high income),SSA,GDP (current US$),NY.GDP.MKTP.CD,2019,1827951489811.35
Sub-Saharan Africa (excluding high income),SSA,GDP (current US$),NY.GDP.MKTP.CD,2018,1779091569617.59
Sub-Saharan Africa (IDA & IBRD countries),TSS,GDP (current US$),NY.GDP.MKTP.CD,2022,2060531397309.08
Sub-Saharan Africa (IDA & IBRD countries),TSS,GDP (current US$),NY.GDP.MKTP.CD,2021,1931458241338.34
Sub-Saharan Africa (IDA & IBRD countries),TSS,GDP (current US$),NY.GDP.MKTP.CD,2020,1715842671714.98
Sub-Saharan Africa (IDA & IBRD countries),TSS,GDP (current US$),NY.GDP.MKTP.CD,2019,1829596580378.4
Sub-Saharan Africa (IDA & IBRD countries),TSS,GDP (current US$),NY.GDP.MKTP.CD,2018,1780679619928.75
Upper middle income,,GDP (current US$),NY.GDP.MKTP.CD,2022,30110929970107.6
Upper middle income,,GDP (current US$),NY.GDP.MKTP.CD,2021,28515803406297.6
Upper middle income,,GDP (current US$),NY.GDP.MKTP.CD,2020,23959410661464.3
Upper middle income,,GDP (current US$),NY.GDP.MKTP.CD,2019,24832086863829.0
Upper middle income,,GDP (current US$),NY.GDP.MKTP.CD,2018,24376030533340.2
World,WLD,GDP (current US$),NY.GDP.MKTP.CD,2022,100879560825391.0
World,WLD,GDP (current US$),NY.GDP.MKTP.CD,2021,97153181162291.0
World,WLD,GDP (current US$),NY.GDP.MKTP.CD,2020,85272676295874.0
World,WLD,GDP (current US$),NY.GDP.MKTP.CD,2019,87777403956338.7
World,WLD,GDP (current US$),NY.GDP.MKTP.CD,2018,86542678179037.4
Afghanistan,AFG,GDP (current US$),NY.GDP.MKTP.CD,2022,
Afghanistan,AFG,GDP (current US$),NY.GDP.MKTP.CD,2021,14266499429.8746
Afghanistan,AFG,GDP (current US$),NY.GDP.MKTP.CD,2020,19955929060.841
Afghanistan,AFG,GDP (current US$),NY.GDP.MKTP.CD,2019,18799444414.5998
Afghanistan,AFG,GDP (current US$),NY.GDP.MKTP.CD,2018,18053222734.8881
Albania,ALB,GDP (current US$),NY.GDP.MKTP.CD,2022,18916378860.5488
Albania,ALB,GDP (current US$),NY.GDP.MKTP.CD,2021,17930565118.8176
Albania,ALB,GDP (current US$),NY.GDP.MKTP.CD,2020,15162734205.2462
Albania,ALB,GDP (current US$),NY.GDP.MKTP.CD,2019,15401826127.2539
Albania,ALB,GDP (current US$),NY.GDP.MKTP.CD,2018,15156424015.1977
Algeria,DZA,GDP (current US$),NY.GDP.MKTP.CD,2022,194998449769.085
Algeria,DZA,GDP (current US$),NY.GDP.MKTP.CD,2021,163472387986.768
Algeria,DZA,GDP (current US$),NY.GDP.MKTP.CD,2020,145743542982.628
Algeria,DZA,GDP (current US$),NY.GDP.MKTP.CD,2019,171760275466.61
Algeria,DZA,GDP (current US$),NY.GDP.MKTP.CD,2018,174910684781.571
American Samoa,ASM,GDP (current US$),NY.GDP.MKTP.CD,2022,871000000.0
American Samoa,ASM,GDP (current US$),NY.GDP.MKTP.CD,2021,750000000.0
American Samoa,ASM,GDP (current US$),NY.GDP.MKTP.CD,2020,721000000.0
American Samoa,ASM,GDP (current US$),NY.GDP.MKTP.CD,2019,647000000.0
American Samoa,ASM,GDP (current US$),NY.GDP.MKTP.CD,2018,639000000.0
Andorra,AND,GDP (current US$),NY.GDP.MKTP.CD,2022,3352031094.22914
Andorra,AND,GDP (current US$),NY.GDP.MKTP.CD,2021,3325143693.28714
Andorra,AND,GDP (current US$),NY.GDP.MKTP.CD,2020,2891002460.29153
Andorra,AND,GDP (current US$),NY.GDP.MKTP.CD,2019,3155150255.91195
Andorra,AND,GDP (current US$),NY.GDP.MKTP.CD,2018,3218418631.67579
Angola,AGO,GDP (current US$),NY.GDP.MKTP.CD,2022,106782770714.619
Angola,AGO,GDP (current US$),NY.GDP.MKTP.CD,2021,66505129989.243
Angola,AGO,GDP (current US$),NY.GDP.MKTP.CD,2020,48501561230.001
Angola,AGO,GDP (current US$),NY.GDP.MKTP.CD,2019,70897962712.6213
Angola,AGO,GDP (current US$),NY.GDP.MKTP.CD,2018,79450688232.0011
Antigua and Barbuda,ATG,GDP (current US$),NY.GDP.MKTP.CD,2022,1867733333.33333
Antigua and Barbuda,ATG,GDP (current US$),NY.GDP.MKTP.CD,2021,1601366666.66667
Antigua and Barbuda,ATG,GDP (current US$),NY.GDP.MKTP.CD,2020,1410796296.2963
Antigua and Barbuda,ATG,GDP (current US$),NY.GDP.MKTP.CD,2019,1725351851.85185
Antigua and Barbuda,ATG,GDP (current US$),NY.GDP.MKTP.CD,2018,1661529629.62963
Argentina,ARG,GDP (current US$),NY.GDP.MKTP.CD,2022,631133384439.944
Argentina,ARG,GDP (current US$),NY.GDP.MKTP.CD,2021,487902572164.348
Argentina,ARG,GDP (current US$),NY.GDP.MKTP.CD,2020,385740508436.965
Argentina,ARG,GDP (current US$),NY.GDP.MKTP.CD,2019,447754683615.225
Argentina,ARG,GDP (current US$),NY.GDP.MKTP.CD,2018,524819892360.176
Armenia,ARM,GDP (current US$),NY.GDP.MKTP.CD,2022,19513474648.2429
Armenia,ARM,GDP (current US$),NY.GDP.MKTP.CD,2021,13878908628.9378
Armenia,ARM,GDP (current US$),NY.GDP.MKTP.CD,2020,12641698583.2152
Armenia,ARM,GDP (current US$),NY.GDP.MKTP.CD,2019,13619290539.2116
Armenia,ARM,GDP (current US$),NY.GDP.MKTP.CD,2018,12457940694.7395
Aruba,ABW,GDP (current US$),NY.GDP.MKTP.CD,2022,3544707788.05664
Aruba,ABW,GDP (current US$),NY.GDP.MKTP.CD,2021,3103184101.51354
Aruba,ABW,GDP (current US$),NY.GDP.MKTP.CD,2020,2558906303.88098
Aruba,ABW,GDP (current US$),NY.GDP.MKTP.CD,2019,3395798882.68156
Aruba,ABW,GDP (current US$),NY.GDP.MKTP.CD,2018,3276184357.5419
Australia,AUS,GDP (current US$),NY.GDP.MKTP.CD,2022,1692956646855.7
Australia,AUS,GDP (current US$),NY.GDP.MKTP.CD,2021,1559033756285.13
Australia,AUS,GDP (current US$),NY.GDP.MKTP.CD,2020,1330381544909.3
Australia,AUS,GDP (current US$),NY.GDP.MKTP.CD,2019,1394671325960.57
Australia,AUS,GDP (current US$),NY.GDP.MKTP.CD,2018,1429733668185.91
Austria,AUT,GDP (current US$),NY.GDP.MKTP.CD,2022,470941926750.741
Austria,AUT,GDP (current US$),NY.GDP.MKTP.CD,2021,479295362747.047
Austria,AUT,GDP (current US$),NY.GDP.MKTP.CD,2020,435049316955.737
Austria,AUT,GDP (current US$),NY.GDP.MKTP.CD,2019,444596155845.254
Austria,AUT,GDP (current US$),NY.GDP.MKTP.CD,2018,454991174096.102
Azerbaijan,AZE,GDP (current US$),NY.GDP.MKTP.CD,2022,78721058823.5294
Azerbaijan,AZE,GDP (current US$),NY.GDP.MKTP.CD,2021,54825411764.7059
Azerbaijan,AZE,GDP (current US$),NY.GDP.MKTP.CD,2020,42693000000.0
Azerbaijan,AZE,GDP (current US$),NY.GDP.MKTP.CD,2019,48174235294.1176
Azerbaijan,AZE,GDP (current US$),NY.GDP.MKTP.CD,2018,47112470051.7701
"Bahamas, The",BHS,GDP (current US$),NY.GDP.MKTP.CD,2022,12897400000.0
"Bahamas, The",BHS,GDP (current US$),NY.GDP.MKTP.CD,2021,11527600000.0
"Bahamas, The",BHS,GDP (current US$),NY.GDP.MKTP.CD,2020,9754600000.0
"Bahamas, The",BHS,GDP (current US$),NY.GDP.MKTP.CD,2019,13058700000.0
"Bahamas, The",BHS,GDP (current US$),NY.GDP.MKTP.CD,2018,12653600000.0
Bahrain,BHR,GDP (current US$),NY.GDP.MKTP.CD,2022,44383297872.3404
Bahrain,BHR,GDP (current US$),NY.GDP.MKTP.CD,2021,39288670212.766
Bahrain,BHR,GDP (current US$),NY.GDP.MKTP.CD,2020,34621807712.766
Bahrain,BHR,GDP (current US$),NY.GDP.MKTP.CD,2019,38653318085.1064
Bahrain,BHR,GDP (current US$),NY.GDP.MKTP.CD,2018,37802005319.1489
Bangladesh,BGD,GDP (current US$),NY.GDP.MKTP.CD,2022,460201265527.977
Bangladesh,BGD,GDP (current US$),NY.GDP.MKTP.CD,2021,416264800549.026
Bangladesh,BGD,GDP (current US$),NY.GDP.MKTP.CD,2020,373902197869.16
Bangladesh,BGD,GDP (current US$),NY.GDP.MKTP.CD,2019,351238399005.451
Bangladesh,BGD,GDP (current US$),NY.GDP.MKTP.CD,2018,321379127909.353
Barbados,BRB,GDP (current US$),NY.GDP.MKTP.CD,2022,5699950000.0
Barbados,BRB,GDP (current US$),NY.GDP.MKTP.CD,2021,4923100000.0
Barbados,BRB,GDP (current US$),NY.GDP.MKTP.CD,2020,4738800000.0
Barbados,BRB,GDP (current US$),NY.GDP.MKTP.CD,2019,5341100000.0
Barbados,BRB,GDP (current US$),NY.GDP.MKTP.CD,2018,5110250000.0
Belarus,BLR,GDP (current US$),NY.GDP.MKTP.CD,2022,72793457588.4367
Belarus,BLR,GDP (current US$),NY.GDP.MKTP.CD,2021,69673747131.87
Belarus,BLR,GDP (current US$),NY.GDP.MKTP.CD,2020,61371755326.2351
Belarus,BLR,GDP (current US$),NY.GDP.MKTP.CD,2019,64410122847.3508
Belarus,BLR,GDP (current US$),NY.GDP.MKTP.CD,2018,60031173807.7196
Belgium,BEL,GDP (current US$),NY.GDP.MKTP.CD,2022,583435595579.963
Belgium,BEL,GDP (current US$),NY.GDP.MKTP.CD,2021,600748812601.541
Belgium,BEL,GDP (current US$),NY.GDP.MKTP.CD,2020,526264230147.394
Belgium,BEL,GDP (current US$),NY.GDP.MKTP.CD,2019,535865804349.803
Belgium,BEL,GDP (current US$),NY.GDP.MKTP.CD,2018,543299066998.902
Belize,BLZ,GDP (current US$),NY.GDP.MKTP.CD,2022,2830507575.6841
Belize,BLZ,GDP (current US$),NY.GDP.MKTP.CD,2021,2424575179.3783
Belize,BLZ,GDP (current US$),NY.GDP.MKTP.CD,2020,2047727810.06777
Belize,BLZ,GDP (current US$),NY.GDP.MKTP.CD,2019,2386792476.10637
Belize,BLZ,GDP (current US$),NY.GDP.MKTP.CD,2018,2292787335.62452
Benin,BEN,GDP (current US$),NY.GDP.MKTP.CD,2022,17396792699.5489
Benin,BEN,GDP (current US$),NY.GDP.MKTP.CD,2021,17687623534.6665
Benin,BEN,GDP (current US$),NY.GDP.MKTP.CD,2020,15686741893.5187
Benin,BEN,GDP (current US$),NY.GDP.MKTP.CD,2019,14390708756.988
Benin,BEN,GDP (current US$),NY.GDP.MKTP.CD,2018,14262408079.7014
Bermuda,BMU,GDP (current US$),NY.GDP.MKTP.CD,2022,7546000000.0
Bermuda,BMU,GDP (current US$),NY.GDP.MKTP.CD,2021,7127200000.0
Bermuda,BMU,GDP (current US$),NY.GDP.MKTP.CD,2020,6887147000.0
Bermuda,BMU,GDP (current US$),NY.GDP.MKTP.CD,2019,7423465000.0
Bermuda,BMU,GDP (current US$),NY.GDP.MKTP.CD,2018,7225977000.0
Bhutan,BTN,GDP (current US$),NY.GDP.MKTP.CD,2022,
Bhutan,BTN,GDP (current US$),NY.GDP.MKTP.CD,2021,2768003872.54065
Bhutan,BTN,GDP (current US$),NY.GDP.MKTP.CD,2020,2457604042.76364
Bhutan,BTN,GDP (current US$),NY.GDP.MKTP.CD,2019,2735683408.71698
Bhutan,BTN,GDP (current US$),NY.GDP.MKTP.CD,2018,2583335723.83252
Bolivia,BOL,GDP (current US$),NY.GDP.MKTP.CD,2022,44008282877.9606
Bolivia,BOL,GDP (current US$),NY.GDP.MKTP.CD,2021,40406111695.179
Bolivia,BOL,GDP (current US$),NY.GDP.MKTP.CD,2020,36629843806.0781
Bolivia,BOL,GDP (current US$),NY.GDP.MKTP.CD,2019,40895322850.9407
Bolivia,BOL,GDP (current US$),NY.GDP.MKTP.CD,2018,40287647930.5355
Bosnia and Herzegovina,BIH,GDP (current US$),NY.GDP.MKTP.CD,2022,24473906673.7086
Bosnia and Herzegovina,BIH,GDP (current US$),NY.GDP.MKTP.CD,2021,23649568276.8447
Bosnia and Herzegovina,BIH,GDP (current US$),NY.GDP.MKTP.CD,2020,20226036564.4129
Bosnia and Herzegovina,BIH,GDP (current US$),NY.GDP.MKTP.CD,2019,20482608755.379
Bosnia and Herzegovina,BIH,GDP (current US$),NY.GDP.MKTP.CD,2018,20484053868.9246
Botswana,BWA,GDP (current US$),NY.GDP.MKTP.CD,2022,20355541962.8512
Botswana,BWA,GDP (current US$),NY.GDP.MKTP.CD,2021,18737066311.1597
Botswana,BWA,GDP (current US$),NY.GDP.MKTP.CD,2020,14960291541.176
Botswana,BWA,GDP (current US$),NY.GDP.MKTP.CD,2019,16725908666.8462
Botswana,BWA,GDP (current US$),NY.GDP.MKTP.CD,2018,17031943186.1353
Brazil,BRA,GDP (current US$),NY.GDP.MKTP.CD,2022,1920095779022.73
Brazil,BRA,GDP (current US$),NY.GDP.MKTP.CD,2021,1649622821885.14
Brazil,BRA,GDP (current US$),NY.GDP.MKTP.CD,2020,1476107231194.11
Brazil,BRA,GDP (current US$),NY.GDP.MKTP.CD,2019,1873288205186.45
Brazil,BRA,GDP (current US$),NY.GDP.MKTP.CD,2018,1916933898038.36
British Virgin Islands,VGB,GDP (current US$),NY.GDP.MKTP.CD,2022,
British Virgin Islands,VGB,GDP (current US$),NY.GDP.MKTP.CD,2021,
British Virgin Islands,VGB,GDP (current US$),NY.GDP.MKTP.CD,2020,
British Virgin Islands,VGB,GDP (current US$),NY.GDP.MKTP.CD,2019,
British Virgin Islands,VGB,GDP (current US$),NY.GDP.MKTP.CD,2018,
Brunei Darussalam,BRN,GDP (current US$),NY.GDP.MKTP.CD,2022,16681536466.7183
Brunei Darussalam,BRN,GDP (current US$),NY.GDP.MKTP.CD,2021,14006496617.4458
Brunei Darussalam,BRN,GDP (current US$),NY.GDP.MKTP.CD,2020,12005799653.9835
Brunei Darussalam,BRN,GDP (current US$),NY.GDP.MKTP.CD,2019,13469235364.7032
Brunei Darussalam,BRN,GDP (current US$),NY.GDP.MKTP.CD,2018,13566937673.7966
Bulgaria,BGR,GDP (current US$),NY.GDP.MKTP.CD,2022,90346169914.9349
Bulgaria,BGR,GDP (current US$),NY.GDP.MKTP.CD,2021,84041493015.6618
Bulgaria,BGR,GDP (current US$),NY.GDP.MKTP.CD,2020,70368758395.141
Bulgaria,BGR,GDP (current US$),NY.GDP.MKTP.CD,2019,68881010245.5498
Bulgaria,BGR,GDP (current US$),NY.GDP.MKTP.CD,2018,66370132238.3914
Burkina Faso,BFA,GDP (current US$),NY.GDP.MKTP.CD,2022,18820064797.8379
Burkina Faso,BFA,GDP (current US$),NY.GDP.MKTP.CD,2021,19642668879.7694
Burkina Faso,BFA,GDP (current US$),NY.GDP.MKTP.CD,2020,17725010530.7894
Burkina Faso,BFA,GDP (current US$),NY.GDP.MKTP.CD,2019,16032813501.6639
Burkina Faso,BFA,GDP (current US$),NY.GDP.MKTP.CD,2018,15890066221.2882
Burundi,BDI,GDP (current US$),NY.GDP.MKTP.CD,2022,3338722827.66241
Burundi,BDI,GDP (current US$),NY.GDP.MKTP.CD,2021,2775798697.47186
Burundi,BDI,GDP (current US$),NY.GDP.MKTP.CD,2020,2649680261.43998
Burundi,BDI,GDP (current US$),NY.GDP.MKTP.CD,2019,2576518879.82353
Burundi,BDI,GDP (current US$),NY.GDP.MKTP.CD,2018,2667182199.51333
Cabo Verde,CPV,GDP (current US$),NY.GDP.MKTP.CD,2022,2226862134.08787
Cabo Verde,CPV,GDP (current US$),NY.GDP.MKTP.CD,2021,1997866378.77119
Cabo Verde,CPV,GDP (current US$),NY.GDP.MKTP.CD,2020,1821565613.68613
Cabo Verde,CPV,GDP (current US$),NY.GDP.MKTP.CD,2019,2252177124.32402
Cabo Verde,CPV,GDP (current US$),NY.GDP.MKTP.CD,2018,2205099506.99994
Cambodia,KHM,GDP (current US$),NY.GDP.MKTP.CD,2022,29504829319.3169
Cambodia,KHM,GDP (current US$),NY.GDP.MKTP.CD,2021,26961061151.7337
Cambodia,KHM,GDP (current US$),NY.GDP.MKTP.CD,2020,25872797891.7664
Cambodia,KHM,GDP (current US$),NY.GDP.MKTP.CD,2019,27089390032.798
Cambodia,KHM,GDP (current US$),NY.GDP.MKTP.CD,2018,24571753583.3935
Cameroon,CMR,GDP (current US$),NY.GDP.MKTP.CD,2022,43644068310.851
Cameroon,CMR,GDP (current US$),NY.GDP.MKTP.CD,2021,44993521774.066
Cameroon,CMR,GDP (current US$),NY.GDP.MKTP.CD,2020,40773241177.0505
Cameroon,CMR,GDP (current US$),NY.GDP.MKTP.CD,2019,39670976452.5283
Cameroon,CMR,GDP (current US$),NY.GDP.MKTP.CD,2018,39973842087.2242
Canada,CAN,GDP (current US$),NY.GDP.MKTP.CD,2022,2161483369422.01
Canada,CAN,GDP (current US$),NY.GDP.MKTP.CD,2021,2007472181464.15
Canada,CAN,GDP (current US$),NY.GDP.MKTP.CD,2020,1655684730000.19
Canada,CAN,GDP (current US$),NY.GDP.MKTP.CD,2019,1743725183672.52
Canada,CAN,GDP (current US$),NY.GDP.MKTP.CD,2018,1725329192783.02
Cayman Islands,CYM,GDP (current US$),NY.GDP.MKTP.CD,2022,6844827379.30952
Cayman Islands,CYM,GDP (current US$),NY.GDP.MKTP.CD,2021,6028373513.49405
Cayman Islands,CYM,GDP (current US$),NY.GDP.MKTP.CD,2020,5647224988.89996
Cayman Islands,CYM,GDP (current US$),NY.GDP.MKTP.CD,2019,5941896607.58643
Cayman Islands,CYM,GDP (current US$),NY.GDP.MKTP.CD,2018,5530178440.71376
Central African Republic,CAF,GDP (current US$),NY.GDP.MKTP.CD,2022,2382618615.01694
Central African Republic,CAF,GDP (current US$),NY.GDP.MKTP.CD,2021,2516498412.46384
Central African Republic,CAF,GDP (current US$),NY.GDP.MKTP.CD,2020,2326720900.38047
Central African Republic,CAF,GDP (current US$),NY.GDP.MKTP.CD,2019,2221301351.43918
Central African Republic,CAF,GDP (current US$),NY.GDP.MKTP.CD,2018,2220979146.11241
Chad,TCD,GDP (current US$),NY.GDP.MKTP.CD,2022,12704149840.2283
Chad,TCD,GDP (current US$),NY.GDP.MKTP.CD,2021,11779981332.8631
Chad,TCD,GDP (current US$),NY.GDP.MKTP.CD,2020,10715396042.3343
Chad,TCD,GDP (current US$),NY.GDP.MKTP.CD,2019,11314951091.7283
Chad,TCD,GDP (current US$),NY.GDP.MKTP.CD,2018,11239167898.3395
Channel Islands,CHI,GDP (current US$),NY.GDP.MKTP.CD,2022,
Channel Islands,CHI,GDP (current US$),NY.GDP.MKTP.CD,2021,11735662219.7772
Channel Islands,CHI,GDP (current US$),NY.GDP.MKTP.CD,2020,9811538461.53846
Channel Islands,CHI,GDP (current US$),NY.GDP.MKTP.CD,2019,10381669645.1366
Channel Islands,CHI,GDP (current US$),NY.GDP.MKTP.CD,2018,10422948632.4216
Chile,CHL,GDP (current US$),NY.GDP.MKTP.CD,2022,301024724911.923
Chile,CHL,GDP (current US$),NY.GDP.MKTP.CD,2021,316581155648.871
Chile,CHL,GDP (current US$),NY.GDP.MKTP.CD,2020,254258196269.735
Chile,CHL,GDP (current US$),NY.GDP.MKTP.CD,2019,278598887622.96
Chile,CHL,GDP (current US$),NY.GDP.MKTP.CD,2018,295857562826.427
China,CHN,GDP (current US$),NY.GDP.MKTP.CD,2022,17963171479205.3
China,CHN,GDP (current US$),NY.GDP.MKTP.CD,2021,17820459508852.2
China,CHN,GDP (current US$),NY.GDP.MKTP.CD,2020,14687744162801.0
China,CHN,GDP (current US$),NY.GDP.MKTP.CD,2019,14279968506242.8
China,CHN,GDP (current US$),NY.GDP.MKTP.CD,2018,13894907857925.9
Colombia,COL,GDP (current US$),NY.GDP.MKTP.CD,2022,343622114560.409
Colombia,COL,GDP (current US$),NY.GDP.MKTP.CD,2021,318511813576.97
Colombia,COL,GDP (current US$),NY.GDP.MKTP.CD,2020,270150956772.57
Colombia,COL,GDP (current US$),NY.GDP.MKTP.CD,2019,323031701210.765
Colombia,COL,GDP (current US$),NY.GDP.MKTP.CD,2018,334198218100.719
Comoros,COM,GDP (current US$),NY.GDP.MKTP.CD,2022,1242519407.27815
Comoros,COM,GDP (current US$),NY.GDP.MKTP.CD,2021,1296089479.45831
Comoros,COM,GDP (current US$),NY.GDP.MKTP.CD,2020,1225039195.93742
Comoros,COM,GDP (current US$),NY.GDP.MKTP.CD,2019,1195019531.03664
Comoros,COM,GDP (current US$),NY.GDP.MKTP.CD,2018,1188797449.96029
"Congo, Dem. Rep.",COD,GDP (current US$),NY.GDP.MKTP.CD,2022,64718641221.216
"Congo, Dem. Rep.",COD,GDP (current US$),NY.GDP.MKTP.CD,2021,55328482783.5393
"Congo, Dem. Rep.",COD,GDP (current US$),NY.GDP.MKTP.CD,2020,48716961860.1325
"Congo, Dem. Rep.",COD,GDP (current US$),NY.GDP.MKTP.CD,2019,51775829877.2088
"Congo, Dem. Rep.",COD,GDP (current US$),NY.GDP.MKTP.CD,2018,47568210009.8172
"Congo, Rep.",COG,GDP (current US$),NY.GDP.MKTP.CD,2022,15816996654.5788
"Congo, Rep.",COG,GDP (current US$),NY.GDP.MKTP.CD,2021,14825708810.7046
"Congo, Rep.",COG,GDP (current US$),NY.GDP.MKTP.CD,2020,11468608530.2038
"Congo, Rep.",COG,GDP (current US$),NY.GDP.MKTP.CD,2019,13976661497.841
"Congo, Rep.",COG,GDP (current US$),NY.GDP.MKTP.CD,2018,14773806078.1348
Costa Rica,CRI,GDP (current US$),NY.GDP.MKTP.CD,2022,69243626028.6696
Costa Rica,CRI,GDP (current US$),NY.GDP.MKTP.CD,2021,64960725734.2362
Costa Rica,CRI,GDP (current US$),NY.GDP.MKTP.CD,2020,62395610760.3912
Costa Rica,CRI,GDP (current US$),NY.GDP.MKTP.CD,2019,64417670521.1842
Costa Rica,CRI,GDP (current US$),NY.GDP.MKTP.CD,2018,62420164991.5374
Cote d'Ivoire,CIV,GDP (current US$),NY.GDP.MKTP.CD,2022,70018715016.8293
Cote d'Ivoire,CIV,GDP (current US$),NY.GDP.MKTP.CD,2021,71811075955.078
Cote d'Ivoire,CIV,GDP (current US$),NY.GDP.MKTP.CD,2020,62982768371.6208
Cote d'Ivoire,CIV,GDP (current US$),NY.GDP.MKTP.CD,2019,59898479821.2323
Cote d'Ivoire,CIV,GDP (current US$),NY.GDP.MKTP.CD,2018,58522477744.5444
Croatia,HRV,GDP (current US$),NY.GDP.MKTP.CD,2022,71600049650.195
Croatia,HRV,GDP (current US$),NY.GDP.MKTP.CD,2021,69081236641.2469
Croatia,HRV,GDP (current US$),NY.GDP.MKTP.CD,2020,57760024673.9359
Croatia,HRV,GDP (current US$),NY.GDP.MKTP.CD,2019,61470295887.8384
Croatia,HRV,GDP (current US$),NY.GDP.MKTP.CD,2018,61481309636.1289
Cuba,CUB,GDP (current US$),NY.GDP.MKTP.CD,2022,
Cuba,CUB,GDP (current US$),NY.GDP.MKTP.CD,2021,
Cuba,CUB,GDP (current US$),NY.GDP.MKTP.CD,2020,107351800000.0
Cuba,CUB,GDP (current US$),NY.GDP.MKTP.CD,2019,103427600000.0
Cuba,CUB,GDP (current US$),NY.GDP.MKTP.CD,2018,100050036096.123
Curacao,CUW,GDP (current US$),NY.GDP.MKTP.CD,2022,3075180834.72417
Curacao,CUW,GDP (current US$),NY.GDP.MKTP.CD,2021,2739594359.5908
Curacao,CUW,GDP (current US$),NY.GDP.MKTP.CD,2020,2534327592.49914
Curacao,CUW,GDP (current US$),NY.GDP.MKTP.CD,2019,3026124115.73275
Curacao,CUW,GDP (current US$),NY.GDP.MKTP.CD,2018,3046364819.53197
Cyprus,CYP,GDP (current US$),NY.GDP.MKTP.CD,2022,29250524418.0855
Cyprus,CYP,GDP (current US$),NY.GDP.MKTP.CD,2021,29482917678.8954
Cyprus,CYP,GDP (current US$),NY.GDP.MKTP.CD,2020,25227201184.2295
Cyprus,CYP,GDP (current US$),NY.GDP.MKTP.CD,2019,25947027570.4262
Cyprus,CYP,GDP (current US$),NY.GDP.MKTP.CD,2018,25523485042.6265
Czechia,CZE,GDP (current US$),NY.GDP.MKTP.CD,2022,290565654835.809
Czechia,CZE,GDP (current US$),NY.GDP.MKTP.CD,2021,281791218507.1
Czechia,CZE,GDP (current US$),NY.GDP.MKTP.CD,2020,245974558654.043
Czechia,CZE,GDP (current US$),NY.GDP.MKTP.CD,2019,252548179964.897
Czechia,CZE,GDP (current US$),NY.GDP.MKTP.CD,2018,249000540729.179
Denmark,DNK,GDP (current US$),NY.GDP.MKTP.CD,2022,400167196948.707
Denmark,DNK,GDP (current US$),NY.GDP.MKTP.CD,2021,405687998852.691
Denmark,DNK,GDP (current US$),NY.GDP.MKTP.CD,2020,354762748338.661
Denmark,DNK,GDP (current US$),NY.GDP.MKTP.CD,2019,346498737961.635
Denmark,DNK,GDP (current US$),NY.GDP.MKTP.CD,2018,356841216410.068
Djibouti,DJI,GDP (current US$),NY.GDP.MKTP.CD,2022,3515108859.95465
Djibouti,DJI,GDP (current US$),NY.GDP.MKTP.CD,2021,3385825228.86997
Djibouti,DJI,GDP (current US$),NY.GDP.MKTP.CD,2020,3185150981.03207
Djibouti,DJI,GDP (current US$),NY.GDP.MKTP.CD,2019,3088853638.56832
Djibouti,DJI,GDP (current US$),NY.GDP.MKTP.CD,2018,2913466732.12507
Dominica,DMA,GDP (current US$),NY.GDP.MKTP.CD,2022,607440740.740741
Dominica,DMA,GDP (current US$),NY.GDP.MKTP.CD,2021,555266666.666667
Dominica,DMA,GDP (current US$),NY.GDP.MKTP.CD,2020,504214814.814815
Dominica,DMA,GDP (current US$),NY.GDP.MKTP.CD,2019,611537037.037037
Dominica,DMA,GDP (current US$),NY.GDP.MKTP.CD,2018,554770370.37037
Dominican Republic,DOM,GDP (current US$),NY.GDP.MKTP.CD,2022,113537368176.13
Dominican Republic,DOM,GDP (current US$),NY.GDP.MKTP.CD,2021,94243425938.3647
Dominican Republic,DOM,GDP (current US$),NY.GDP.MKTP.CD,2020,78844656298.1776
Dominican Republic,DOM,GDP (current US$),NY.GDP.MKTP.CD,2019,88941372558.2397
Dominican Republic,DOM,GDP (current US$),NY.GDP.MKTP.CD,2018,85555390139.118
Ecuador,ECU,GDP (current US$),NY.GDP.MKTP.CD,2022,115049476000.0
Ecuador,ECU,GDP (current US$),NY.GDP.MKTP.CD,2021,106165866000.0
Ecuador,ECU,GDP (current US$),NY.GDP.MKTP.CD,2020,99291124000.0
Ecuador,ECU,GDP (current US$),NY.GDP.MKTP.CD,2019,108108009000.0
Ecuador,ECU,GDP (current US$),NY.GDP.MKTP.CD,2018,107562008000.0
"Egypt, Arab Rep.",EGY,GDP (current US$),NY.GDP.MKTP.CD,2022,476747720364.742
"Egypt, Arab Rep.",EGY,GDP (current US$),NY.GDP.MKTP.CD,2021,424671765455.704
"Egypt, Arab Rep.",EGY,GDP (current US$),NY.GDP.MKTP.CD,2020,383817841547.099
"Egypt, Arab Rep.",EGY,GDP (current US$),NY.GDP.MKTP.CD,2019,318678815489.749
"Egypt, Arab Rep.",EGY,GDP (current US$),NY.GDP.MKTP.CD,2018,262588632526.73
El Salvador,SLV,GDP (current US$),NY.GDP.MKTP.CD,2022,32488720000.0
El Salvador,SLV,GDP (current US$),NY.GDP.MKTP.CD,2021,29451240000.0
El Salvador,SLV,GDP (current US$),NY.GDP.MKTP.CD,2020,24930080000.0
El Salvador,SLV,GDP (current US$),NY.GDP.MKTP.CD,2019,26881140000.0
El Salvador,SLV,GDP (current US$),NY.GDP.MKTP.CD,2018,26020850000.0
Equatorial Guinea,GNQ,GDP (current US$),NY.GDP.MKTP.CD,2022,12029633746.519
Equatorial Guinea,GNQ,GDP (current US$),NY.GDP.MKTP.CD,2021,12104994084.4108
Equatorial Guinea,GNQ,GDP (current US$),NY.GDP.MKTP.CD,2020,9893816016.147
Equatorial Guinea,GNQ,GDP (current US$),NY.GDP.MKTP.CD,2019,11364133546.2488
Equatorial Guinea,GNQ,GDP (current US$),NY.GDP.MKTP.CD,2018,13097012124.2267
Eritrea,ERI,GDP (current US$),NY.GDP.MKTP.CD,2022,
Eritrea,ERI,GDP (current US$),NY.GDP.MKTP.CD,2021,
Eritrea,ERI,GDP (current US$),NY.GDP.MKTP.CD,2020,
Eritrea,ERI,GDP (current US$),NY.GDP.MKTP.CD,2019,
Eritrea,ERI,GDP (current US$),NY.GDP.MKTP.CD,2018,
Estonia,EST,GDP (current US$),NY.GDP.MKTP.CD,2022,38100812958.5196
Estonia,EST,GDP (current US$),NY.GDP.MKTP.CD,2021,37191166151.98
Estonia,EST,GDP (current US$),NY.GDP.MKTP.CD,2020,31370395572.7658
Estonia,EST,GDP (current US$),NY.GDP.MKTP.CD,2019,31081901909.2156
Estonia,EST,GDP (current US$),NY.GDP.MKTP.CD,2018,30624720196.229
Eswatini,SWZ,GDP (current US$),NY.GDP.MKTP.CD,2022,4790922065.6101
Eswatini,SWZ,GDP (current US$),NY.GDP.MKTP.CD,2021,4850842571.59151
Eswatini,SWZ,GDP (current US$),NY.GDP.MKTP.CD,2020,3982236692.55236
Eswatini,SWZ,GDP (current US$),NY.GDP.MKTP.CD,2019,4466214591.14854
Eswatini,SWZ,GDP (current US$),NY.GDP.MKTP.CD,2018,4666598024.18411
Ethiopia,ETH,GDP (current US$),NY.GDP.MKTP.CD,2022,126783471597.671
Ethiopia,ETH,GDP (current US$),NY.GDP.MKTP.CD,2021,111261882958.426
Ethiopia,ETH,GDP (current US$),NY.GDP.MKTP.CD,2020,107657734392.446
Ethiopia,ETH,GDP (current US$),NY.GDP.MKTP.CD,2019,95912607722.3032
Ethiopia,ETH,GDP (current US$),NY.GDP.MKTP.CD,2018,84269196625.8784
Faroe Islands,FRO,GDP (current US$),NY.GDP.MKTP.CD,2022,3555929833.05051
Faroe Islands,FRO,GDP (current US$),NY.GDP.MKTP.CD,2021,3655063937.93145
Faroe Islands,FRO,GDP (current US$),NY.GDP.MKTP.CD,2020,3262045883.37293
Faroe Islands,FRO,GDP (current US$),NY.GDP.MKTP.CD,2019,3266432734.22819
Faroe Islands,FRO,GDP (current US$),NY.GDP.MKTP.CD,2018,3188600927.46688
Fiji,FJI,GDP (current US$),NY.GDP.MKTP.CD,2022,4979979546.0123
Fiji,FJI,GDP (current US$),NY.GDP.MKTP.CD,2021,4305031630.81808
Fiji,FJI,GDP (current US$),NY.GDP.MKTP.CD,2020,4432466237.09588
Fiji,FJI,GDP (current US$),NY.GDP.MKTP.CD,2019,5444407214.31758
Fiji,FJI,GDP (current US$),NY.GDP.MKTP.CD,2018,5581425324.91185
Finland,FIN,GDP (current US$),NY.GDP.MKTP.CD,2022,282649838009.729
Finland,FIN,GDP (current US$),NY.GDP.MKTP.CD,2021,296470417085.267
Finland,FIN,GDP (current US$),NY.GDP.MKTP.CD,2020,271886077382.102
Finland,FIN,GDP (current US$),NY.GDP.MKTP.CD,2019,268514916972.549
Finland,FIN,GDP (current US$),NY.GDP.MKTP.CD,2018,275708001767.843
France,FRA,GDP (current US$),NY.GDP.MKTP.CD,2022,2779092236505.85
France,FRA,GDP (current US$),NY.GDP.MKTP.CD,2021,2959355819170.5
France,FRA,GDP (current US$),NY.GDP.MKTP.CD,2020,2647418691598.45
France,FRA,GDP (current US$),NY.GDP.MKTP.CD,2019,2728870246705.88
France,FRA,GDP (current US$),NY.GDP.MKTP.CD,2018,2790956878746.66
French Polynesia,PYF,GDP (current US$),NY.GDP.MKTP.CD,2022,5814661208.90544
French Polynesia,PYF,GDP (current US$),NY.GDP.MKTP.CD,2021,6150640646.38319
French Polynesia,PYF,GDP (current US$),NY.GDP.MKTP.CD,2020,5792545870.80614
French Polynesia,PYF,GDP (current US$),NY.GDP.MKTP.CD,2019,6022276196.13871
French Polynesia,PYF,GDP (current US$),NY.GDP.MKTP.CD,2018,6135116253.33452
Gabon,GAB,GDP (current US$),NY.GDP.MKTP.CD,2022,21071739224.8918
Gabon,GAB,GDP (current US$),NY.GDP.MKTP.CD,2021,20217946922.4528
Gabon,GAB,GDP (current US$),NY.GDP.MKTP.CD,2020,15314577154.8076
Gabon,GAB,GDP (current US$),NY.GDP.MKTP.CD,2019,16874405465.391
Gabon,GAB,GDP (current US$),NY.GDP.MKTP.CD,2018,16867326401.9626
"Gambia, The",GMB,GDP (current US$),NY.GDP.MKTP.CD,2022,2187194563.48605
"Gambia, The",GMB,GDP (current US$),NY.GDP.MKTP.CD,2021,2038414968.60683
"Gambia, The",GMB,GDP (current US$),NY.GDP.MKTP.CD,2020,1812170891.19069
"Gambia, The",GMB,GDP (current US$),NY.GDP.MKTP.CD,2019,1813609692.49994
"Gambia, The",GMB,GDP (current US$),NY.GDP.MKTP.CD,2018,1670671327.81651
Georgia,GEO,GDP (current US$),NY.GDP.MKTP.CD,2022,24780791063.7131
Georgia,GEO,GDP (current US$),NY.GDP.MKTP.CD,2021,18629365612.096
Georgia,GEO,GDP (current US$),NY.GDP.MKTP.CD,2020,15842922532.7202
Georgia,GEO,GDP (current US$),NY.GDP.MKTP.CD,2019,17470436258.5131
Georgia,GEO,GDP (current US$),NY.GDP.MKTP.CD,2018,17596922469.9152
Germany,DEU,GDP (current US$),NY.GDP.MKTP.CD,2022,4082469490797.68
Germany,DEU,GDP (current US$),NY.GDP.MKTP.CD,2021,4278503934689.85
Germany,DEU,GDP (current US$),NY.GDP.MKTP.CD,2020,3887727161914.41
Germany,DEU,GDP (current US$),NY.GDP.MKTP.CD,2019,3889177589254.9
Germany,DEU,GDP (current US$),NY.GDP.MKTP.CD,2018,3974443355019.6
Ghana,GHA,GDP (current US$),NY.GDP.MKTP.CD,2022,73766052451.5256
Ghana,GHA,GDP (current US$),NY.GDP.MKTP.CD,2021,79524421861.2743
Ghana,GHA,GDP (current US$),NY.GDP.MKTP.CD,2020,70043095503.6675
Ghana,GHA,GDP (current US$),NY.GDP.MKTP.CD,2019,68337974418.3315
Ghana,GHA,GDP (current US$),NY.GDP.MKTP.CD,2018,67298913752.0241
Gibraltar,GIB,GDP (current US$),NY.GDP.MKTP.CD,2022,
Gibraltar,GIB,GDP (current US$),NY.GDP.MKTP.CD,2021,
Gibraltar,GIB,GDP (current US$),NY.GDP.MKTP.CD,2020,
Gibraltar,GIB,GDP (current US$),NY.GDP.MKTP.CD,2019,
Gibraltar,GIB,GDP (current US$),NY.GDP.MKTP.CD,2018,
Greece,GRC,GDP (current US$),NY.GDP.MKTP.CD,2022,217581324512.059
Greece,GRC,GDP (current US$),NY.GDP.MKTP.CD,2021,214667807441.202
Greece,GRC,GDP (current US$),NY.GDP.MKTP.CD,2020,188480337285.605
Greece,GRC,GDP (current US$),NY.GDP.MKTP.CD,2019,205252760889.364
Greece,GRC,GDP (current US$),NY.GDP.MKTP.CD,2018,212049447242.111
Greenland,GRL,GDP (current US$),NY.GDP.MKTP.CD,2022,
Greenland,GRL,GDP (current US$),NY.GDP.MKTP.CD,2021,3235809504.29871
Greenland,GRL,GDP (current US$),NY.GDP.MKTP.CD,2020,3082884653.2456
Greenland,GRL,GDP (current US$),NY.GDP.MKTP.CD,2019,2997309971.87623
Greenland,GRL,GDP (current US$),NY.GDP.MKTP.CD,2018,3055782146.15957
Grenada,GRD,GDP (current US$),NY.GDP.MKTP.CD,2022,1215379155.67282
Grenada,GRD,GDP (current US$),NY.GDP.MKTP.CD,2021,1122800000.0
Grenada,GRD,GDP (current US$),NY.GDP.MKTP.CD,2020,1043411111.11111
Grenada,GRD,GDP (current US$),NY.GDP.MKTP.CD,2019,1213485185.18519
Grenada,GRD,GDP (current US$),NY.GDP.MKTP.CD,2018,1166514814.81481
Guam,GUM,GDP (current US$),NY.GDP.MKTP.CD,2022,
Guam,GUM,GDP (current US$),NY.GDP.MKTP.CD,2021,6123000000.0
Guam,GUM,GDP (current US$),NY.GDP.MKTP.CD,2020,5886000000.0
Guam,GUM,GDP (current US$),NY.GDP.MKTP.CD,2019,6366000000.0
Guam,GUM,GDP (current US$),NY.GDP.MKTP.CD,2018,6056000000.0
Guatemala,GTM,GDP (current US$),NY.GDP.MKTP.CD,2022,95003330315.8754
Guatemala,GTM,GDP (current US$),NY.GDP.MKTP.CD,2021,86053083476.0294
Guatemala,GTM,GDP (current US$),NY.GDP.MKTP.CD,2020,77715183063.2054
Guatemala,GTM,GDP (current US$),NY.GDP.MKTP.CD,2019,77172317258.6478
Guatemala,GTM,GDP (current US$),NY.GDP.MKTP.CD,2018,73328365862.4329
Guinea,GIN,GDP (current US$),NY.GDP.MKTP.CD,2022,20999229260.4955
Guinea,GIN,GDP (current US$),NY.GDP.MKTP.CD,2021,16091817842.1318
Guinea,GIN,GDP (current US$),NY.GDP.MKTP.CD,2020,14177835841.3923
Guinea,GIN,GDP (current US$),NY.GDP.MKTP.CD,2019,13442861496.4128
Guinea,GIN,GDP (current US$),NY.GDP.MKTP.CD,2018,11857030367.2441
Guinea-Bissau,GNB,GDP (current US$),NY.GDP.MKTP.CD,2022,1633559092.08861
Guinea-Bissau,GNB,GDP (current US$),NY.GDP.MKTP.CD,2021,1638517606.89496
Guinea-Bissau,GNB,GDP (current US$),NY.GDP.MKTP.CD,2020,1431758231.68522
Guinea-Bissau,GNB,GDP (current US$),NY.GDP.MKTP.CD,2019,1439638410.99683
Guinea-Bissau,GNB,GDP (current US$),NY.GDP.MKTP.CD,2018,1504630233.68158
Guyana,GUY,GDP (current US$),NY.GDP.MKTP.CD,2022,14718388489.2086
Guyana,GUY,GDP (current US$),NY.GDP.MKTP.CD,2021,8041362110.31175
Guyana,GUY,GDP (current US$),NY.GDP.MKTP.CD,2020,5471256594.72422
Guyana,GUY,GDP (current US$),NY.GDP.MKTP.CD,2019,5173760191.84652
Guyana,GUY,GDP (current US$),NY.GDP.MKTP.CD,2018,4787637005.53562
Haiti,HTI,GDP (current US$),NY.GDP.MKTP.CD,2022,20253551884.6055
Haiti,HTI,GDP (current US$),NY.GDP.MKTP.CD,2021,20877414952.6375
Haiti,HTI,GDP (current US$),NY.GDP.MKTP.CD,2020,14508222518.3018
Haiti,HTI,GDP (current US$),NY.GDP.MKTP.CD,2019,15016090929.5125
Haiti,HTI,GDP (current US$),NY.GDP.MKTP.CD,2018,16403864522.0538
Honduras,HND,GDP (current US$),NY.GDP.MKTP.CD,2022,31717699764.3621
Honduras,HND,GDP (current US$),NY.GDP.MKTP.CD,2021,28488721680.8502
Honduras,HND,GDP (current US$),NY.GDP.MKTP.CD,2020,23827859226.8834
Honduras,HND,GDP (current US$),NY.GDP.MKTP.CD,2019,25089937021.5418
Honduras,HND,GDP (current US$),NY.GDP.MKTP.CD,2018,24067750760.499
"Hong Kong SAR, China",HKG,GDP (current US$),NY.GDP.MKTP.CD,2022,359838583490.063
"Hong Kong SAR, China",HKG,GDP (current US$),NY.GDP.MKTP.CD,2021,368911387845.418
"Hong Kong SAR, China",HKG,GDP (current US$),NY.GDP.MKTP.CD,2020,344943149590.058
"Hong Kong SAR, China",HKG,GDP (current US$),NY.GDP.MKTP.CD,2019,363074545072.389
"Hong Kong SAR, China",HKG,GDP (current US$),NY.GDP.MKTP.CD,2018,361731070995.726
Hungary,HUN,GDP (current US$),NY.GDP.MKTP.CD,2022,177337436677.365
Hungary,HUN,GDP (current US$),NY.GDP.MKTP.CD,2021,182090041757.269
Hungary,HUN,GDP (current US$),NY.GDP.MKTP.CD,2020,157227094449.074
Hungary,HUN,GDP (current US$),NY.GDP.MKTP.CD,2019,164020460331.659
Hungary,HUN,GDP (current US$),NY.GDP.MKTP.CD,2018,160565642983.587
Iceland,ISL,GDP (current US$),NY.GDP.MKTP.CD,2022,28064529851.3098
Iceland,ISL,GDP (current US$),NY.GDP.MKTP.CD,2021,25595940169.5879
Iceland,ISL,GDP (current US$),NY.GDP.MKTP.CD,2020,21565767851.144
Iceland,ISL,GDP (current US$),NY.GDP.MKTP.CD,2019,24681343649.2952
Iceland,ISL,GDP (current US$),NY.GDP.MKTP.CD,2018,26260850582.0687
India,IND,GDP (current US$),NY.GDP.MKTP.CD,2022,3416645826052.87
India,IND,GDP (current US$),NY.GDP.MKTP.CD,2021,3150306839142.13
India,IND,GDP (current US$),NY.GDP.MKTP.CD,2020,2671595405986.86
India,IND,GDP (current US$),NY.GDP.MKTP.CD,2019,2835606256616.03
India,IND,GDP (current US$),NY.GDP.MKTP.CD,2018,2702929641707.38
Indonesia,IDN,GDP (current US$),NY.GDP.MKTP.CD,2022,1319100220407.72
Indonesia,IDN,GDP (current US$),NY.GDP.MKTP.CD,2021,1186505455736.54
Indonesia,IDN,GDP (current US$),NY.GDP.MKTP.CD,2020,1059054842698.48
Indonesia,IDN,GDP (current US$),NY.GDP.MKTP.CD,2019,1119099871350.2
Indonesia,IDN,GDP (current US$),NY.GDP.MKTP.CD,2018,1042271532988.63
"Iran, Islamic Rep.",IRN,GDP (current US$),NY.GDP.MKTP.CD,2022,413493207349.265
"Iran, Islamic Rep.",IRN,GDP (current US$),NY.GDP.MKTP.CD,2021,359096907772.985
"Iran, Islamic Rep.",IRN,GDP (current US$),NY.GDP.MKTP.CD,2020,239735486745.704
"Iran, Islamic Rep.",IRN,GDP (current US$),NY.GDP.MKTP.CD,2019,283649531542.631
"Iran, Islamic Rep.",IRN,GDP (current US$),NY.GDP.MKTP.CD,2018,329691934144.504
Iraq,IRQ,GDP (current US$),NY.GDP.MKTP.CD,2022,264182173793.103
Iraq,IRQ,GDP (current US$),NY.GDP.MKTP.CD,2021,207691599310.345
Iraq,IRQ,GDP (current US$),NY.GDP.MKTP.CD,2020,180924091442.953
Iraq,IRQ,GDP (current US$),NY.GDP.MKTP.CD,2019,233636097800.338
Iraq,IRQ,GDP (current US$),NY.GDP.MKTP.CD,2018,227367469034.031
Ireland,IRL,GDP (current US$),NY.GDP.MKTP.CD,2022,533140011838.276
Ireland,IRL,GDP (current US$),NY.GDP.MKTP.CD,2021,513391778882.86
Ireland,IRL,GDP (current US$),NY.GDP.MKTP.CD,2020,428608687830.239
Ireland,IRL,GDP (current US$),NY.GDP.MKTP.CD,2019,398933010007.356
Ireland,IRL,GDP (current US$),NY.GDP.MKTP.CD,2018,386693357874.056
Isle of Man,IMN,GDP (current US$),NY.GDP.MKTP.CD,2022,
Isle of Man,IMN,GDP (current US$),NY.GDP.MKTP.CD,2021,
Isle of Man,IMN,GDP (current US$),NY.GDP.MKTP.CD,2020,6684229268.50545
Isle of Man,IMN,GDP (current US$),NY.GDP.MKTP.CD,2019,7314966839.12782
Isle of Man,IMN,GDP (current US$),NY.GDP.MKTP.CD,2018,7491654051.07858
Israel,ISR,GDP (current US$),NY.GDP.MKTP.CD,2022,525002447652.773
Israel,ISR,GDP (current US$),NY.GDP.MKTP.CD,2021,488526545878.891
Israel,ISR,GDP (current US$),NY.GDP.MKTP.CD,2020,413267669231.522
Israel,ISR,GDP (current US$),NY.GDP.MKTP.CD,2019,402470513619.148
Israel,ISR,GDP (current US$),NY.GDP.MKTP.CD,2018,376691526553.276
Italy,ITA,GDP (current US$),NY.GDP.MKTP.CD,2022,2049737165407.98
Italy,ITA,GDP (current US$),NY.GDP.MKTP.CD,2021,2155360298998.03
Italy,ITA,GDP (current US$),NY.GDP.MKTP.CD,2020,1897461635591.91
Italy,ITA,GDP (current US$),NY.GDP.MKTP.CD,2019,2011302198827.45
Italy,ITA,GDP (current US$),NY.GDP.MKTP.CD,2018,2091932426266.98
Jamaica,JAM,GDP (current US$),NY.GDP.MKTP.CD,2022,17097760723.9201
Jamaica,JAM,GDP (current US$),NY.GDP.MKTP.CD,2021,14657586127.0331
Jamaica,JAM,GDP (current US$),NY.GDP.MKTP.CD,2020,13812421803.4084
Jamaica,JAM,GDP (current US$),NY.GDP.MKTP.CD,2019,15830766570.7266
Jamaica,JAM,GDP (current US$),NY.GDP.MKTP.CD,2018,15730792835.5811
Japan,JPN,GDP (current US$),NY.GDP.MKTP.CD,2022,4256410760723.75
Japan,JPN,GDP (current US$),NY.GDP.MKTP.CD,2021,5034620784584.98
Japan,JPN,GDP (current US$),NY.GDP.MKTP.CD,2020,5055587093501.59
Japan,JPN,GDP (current US$),NY.GDP.MKTP.CD,2019,5117993853016.51
Japan,JPN,GDP (current US$),NY.GDP.MKTP.CD,2018,5040880939324.86
Jordan,JOR,GDP (current US$),NY.GDP.MKTP.CD,2022,48653381780.6397
Jordan,JOR,GDP (current US$),NY.GDP.MKTP.CD,2021,46296100140.8451
Jordan,JOR,GDP (current US$),NY.GDP.MKTP.CD,2020,43700383098.5916
Jordan,JOR,GDP (current US$),NY.GDP.MKTP.CD,2019,44502816901.4085
Jordan,JOR,GDP (current US$),NY.GDP.MKTP.CD,2018,43370860704.2254
Kazakhstan,KAZ,GDP (current US$),NY.GDP.MKTP.CD,2022,225496328925.494
Kazakhstan,KAZ,GDP (current US$),NY.GDP.MKTP.CD,2021,197112255360.612
Kazakhstan,KAZ,GDP (current US$),NY.GDP.MKTP.CD,2020,171082365861.423
Kazakhstan,KAZ,GDP (current US$),NY.GDP.MKTP.CD,2019,181667184854.501
Kazakhstan,KAZ,GDP (current US$),NY.GDP.MKTP.CD,2018,179339977690.485
Kenya,KEN,GDP (current US$),NY.GDP.MKTP.CD,2022,113420008178.793
Kenya,KEN,GDP (current US$),NY.GDP.MKTP.CD,2021,109703658904.994
Kenya,KEN,GDP (current US$),NY.GDP.MKTP.CD,2020,100657505750.545
Kenya,KEN,GDP (current US$),NY.GDP.MKTP.CD,2019,100378436207.371
Kenya,KEN,GDP (current US$),NY.GDP.MKTP.CD,2018,92202979985.2863
Kiribati,KIR,GDP (current US$),NY.GDP.MKTP.CD,2022,223353014.294593
Kiribati,KIR,GDP (current US$),NY.GDP.MKTP.CD,2021,227610079.145208
Kiribati,KIR,GDP (current US$),NY.GDP.MKTP.CD,2020,177553274.584763
Kiribati,KIR,GDP (current US$),NY.GDP.MKTP.CD,2019,175181629.286475
Kiribati,KIR,GDP (current US$),NY.GDP.MKTP.CD,2018,196501525.688652
"Korea, Dem. People's Rep.",PRK,GDP (current US$),NY.GDP.MKTP.CD,2022,
"Korea, Dem. People's Rep.",PRK,GDP (current US$),NY.GDP.MKTP.CD,2021,
"Korea, Dem. People's Rep.",PRK,GDP (current US$),NY.GDP.MKTP.CD,2020,
"Korea, Dem. People's Rep.",PRK,GDP (current US$),NY.GDP.MKTP.CD,2019,
"Korea, Dem. People's Rep.",PRK,GDP (current US$),NY.GDP.MKTP.CD,2018,
"Korea, Rep.",KOR,GDP (current US$),NY.GDP.MKTP.CD,2022,1673916469026.56
"Korea, Rep.",KOR,GDP (current US$),NY.GDP.MKTP.CD,2021,1818432106880.04
"Korea, Rep.",KOR,GDP (current US$),NY.GDP.MKTP.CD,2020,1644312831906.17
"Korea, Rep.",KOR,GDP (current US$),NY.GDP.MKTP.CD,2019,1651422932447.77
"Korea, Rep.",KOR,GDP (current US$),NY.GDP.MKTP.CD,2018,1725373496825.43
Kosovo,XKX,GDP (current US$),NY.GDP.MKTP.CD,2022,9409473517.95304
Kosovo,XKX,GDP (current US$),NY.GDP.MKTP.CD,2021,9412034299.23122
Kosovo,XKX,GDP (current US$),NY.GDP.MKTP.CD,2020,7717145217.81247
Kosovo,XKX,GDP (current US$),NY.GDP.MKTP.CD,2019,7899737577.47286
Kosovo,XKX,GDP (current US$),NY.GDP.MKTP.CD,2018,7878759714.82322
Kuwait,KWT,GDP (current US$),NY.GDP.MKTP.CD,2022,175363265306.122
Kuwait,KWT,GDP (current US$),NY.GDP.MKTP.CD,2021,137384258875.558
Kuwait,KWT,GDP (current US$),NY.GDP.MKTP.CD,2020,105948807280.731
Kuwait,KWT,GDP (current US$),NY.GDP.MKTP.CD,2019,136191825724.364
Kuwait,KWT,GDP (current US$),NY.GDP.MKTP.CD,2018,138202535799.918
Kyrgyz Republic,KGZ,GDP (current US$),NY.GDP.MKTP.CD,2022,11543966558.842
Kyrgyz Republic,KGZ,GDP (current US$),NY.GDP.MKTP.CD,2021,9249133946.26531
Kyrgyz Republic,KGZ,GDP (current US$),NY.GDP.MKTP.CD,2020,8270468614.24051
Kyrgyz Republic,KGZ,GDP (current US$),NY.GDP.MKTP.CD,2019,9371275264.36735
Kyrgyz Republic,KGZ,GDP (current US$),NY.GDP.MKTP.CD,2018,8271106235.41552
Lao PDR,LAO,GDP (current US$),NY.GDP.MKTP.CD,2022,15468785203.7532
Lao PDR,LAO,GDP (current US$),NY.GDP.MKTP.CD,2021,18827148528.9934
Lao PDR,LAO,GDP (current US$),NY.GDP.MKTP.CD,2020,18981800705.0794
Lao PDR,LAO,GDP (current US$),NY.GDP.MKTP.CD,2019,18740559554.1632
Lao PDR,LAO,GDP (current US$),NY.GDP.MKTP.CD,2018,18141651381.3884
Latvia,LVA,GDP (current US$),NY.GDP.MKTP.CD,2022,40932030049.5644
Latvia,LVA,GDP (current US$),NY.GDP.MKTP.CD,2021,39443126174.4335
Latvia,LVA,GDP (current US$),NY.GDP.MKTP.CD,2020,34390910338.9604
Latvia,LVA,GDP (current US$),NY.GDP.MKTP.CD,2019,34225547537.0745
Latvia,LVA,GDP (current US$),NY.GDP.MKTP.CD,2018,34429023435.0211
Lebanon,LBN,GDP (current US$),NY.GDP.MKTP.CD,2022,
Lebanon,LBN,GDP (current US$),NY.GDP.MKTP.CD,2021,23131941556.7843
Lebanon,LBN,GDP (current US$),NY.GDP.MKTP.CD,2020,31712128253.7961
Lebanon,LBN,GDP (current US$),NY.GDP.MKTP.CD,2019,51605959131.2741
Lebanon,LBN,GDP (current US$),NY.GDP.MKTP.CD,2018,54901519155.5556
Lesotho,LSO,GDP (current US$),NY.GDP.MKTP.CD,2022,2236502124.16956
Lesotho,LSO,GDP (current US$),NY.GDP.MKTP.CD,2021,2348771013.21241
Lesotho,LSO,GDP (current US$),NY.GDP.MKTP.CD,2020,2067813018.99465
Lesotho,LSO,GDP (current US$),NY.GDP.MKTP.CD,2019,2361966946.29803
Lesotho,LSO,GDP (current US$),NY.GDP.MKTP.CD,2018,2556247291.99785
Liberia,LBR,GDP (current US$),NY.GDP.MKTP.CD,2022,4001046970.0
Liberia,LBR,GDP (current US$),NY.GDP.MKTP.CD,2021,3509000000.0
Liberia,LBR,GDP (current US$),NY.GDP.MKTP.CD,2020,3039982500.0
Liberia,LBR,GDP (current US$),NY.GDP.MKTP.CD,2019,3319596500.0
Liberia,LBR,GDP (current US$),NY.GDP.MKTP.CD,2018,3422754800.0
Libya,LBY,GDP (current US$),NY.GDP.MKTP.CD,2022,45752336035.9846
Libya,LBY,GDP (current US$),NY.GDP.MKTP.CD,2021,39798423941.0335
Libya,LBY,GDP (current US$),NY.GDP.MKTP.CD,2020,46808208746.0839
Libya,LBY,GDP (current US$),NY.GDP.MKTP.CD,2019,69254143966.8182
Libya,LBY,GDP (current US$),NY.GDP.MKTP.CD,2018,76686048497.4801
Liechtenstein,LIE,GDP (current US$),NY.GDP.MKTP.CD,2022,
Liechtenstein,LIE,GDP (current US$),NY.GDP.MKTP.CD,2021,7710380085.92257
Liechtenstein,LIE,GDP (current US$),NY.GDP.MKTP.CD,2020,6405870210.32293
Liechtenstein,LIE,GDP (current US$),NY.GDP.MKTP.CD,2019,6436467007.11932
Liechtenstein,LIE,GDP (current US$),NY.GDP.MKTP.CD,2018,6692620691.84146
Lithuania,LTU,GDP (current US$),NY.GDP.MKTP.CD,2022,70974490450.4944
Lithuania,LTU,GDP (current US$),NY.GDP.MKTP.CD,2021,66798933785.7702
Lithuania,LTU,GDP (current US$),NY.GDP.MKTP.CD,2020,56964942999.3651
Lithuania,LTU,GDP (current US$),NY.GDP.MKTP.CD,2019,54808531641.4117
Lithuania,LTU,GDP (current US$),NY.GDP.MKTP.CD,2018,53751411409.4447
Luxembourg,LUX,GDP (current US$),NY.GDP.MKTP.CD,2022,81641807865.7591
Luxembourg,LUX,GDP (current US$),NY.GDP.MKTP.CD,2021,85584105993.8746
Luxembourg,LUX,GDP (current US$),NY.GDP.MKTP.CD,2020,73699366700.2134
Luxembourg,LUX,GDP (current US$),NY.GDP.MKTP.CD,2019,69890505323.5842
Luxembourg,LUX,GDP (current US$),NY.GDP.MKTP.CD,2018,71000359760.4611
"Macao SAR, China",MAC,GDP (current US$),NY.GDP.MKTP.CD,2022,24042287326.5729
"Macao SAR, China",MAC,GDP (current US$),NY.GDP.MKTP.CD,2021,30969334705.0515
"Macao SAR, China",MAC,GDP (current US$),NY.GDP.MKTP.CD,2020,25343525935.8358
"Macao SAR, China",MAC,GDP (current US$),NY.GDP.MKTP.CD,2019,55082293844.1008
"Macao SAR, China",MAC,GDP (current US$),NY.GDP.MKTP.CD,2018,55190661339.7796
Madagascar,MDG,GDP (current US$),NY.GDP.MKTP.CD,2022,15297192798.9771
Madagascar,MDG,GDP (current US$),NY.GDP.MKTP.CD,2021,14554754116.5427
Madagascar,MDG,GDP (current US$),NY.GDP.MKTP.CD,2020,13051441203.9474
Madagascar,MDG,GDP (current US$),NY.GDP.MKTP.CD,2019,14104664678.5063
Madagascar,MDG,GDP (current US$),NY.GDP.MKTP.CD,2018,13760033282.2925
Malawi,MWI,GDP (current US$),NY.GDP.MKTP.CD,2022,13164667626.9363
Malawi,MWI,GDP (current US$),NY.GDP.MKTP.CD,2021,12602334121.6286
Malawi,MWI,GDP (current US$),NY.GDP.MKTP.CD,2020,12056108778.3125
Malawi,MWI,GDP (current US$),NY.GDP.MKTP.CD,2019,11025371147.1876
Malawi,MWI,GDP (current US$),NY.GDP.MKTP.CD,2018,9880675785.93057
Malaysia,MYS,GDP (current US$),NY.GDP.MKTP.CD,2022,407027451714.616
Malaysia,MYS,GDP (current US$),NY.GDP.MKTP.CD,2021,373832428055.449
Malaysia,MYS,GDP (current US$),NY.GDP.MKTP.CD,2020,337456163961.211
Malaysia,MYS,GDP (current US$),NY.GDP.MKTP.CD,2019,365177721021.516
Malaysia,MYS,GDP (current US$),NY.GDP.MKTP.CD,2018,358788845712.53
Maldives,MDV,GDP (current US$),NY.GDP.MKTP.CD,2022,6170638746.965
Maldives,MDV,GDP (current US$),NY.GDP.MKTP.CD,2021,5254366310.44801
Maldives,MDV,GDP (current US$),NY.GDP.MKTP.CD,2020,3712604580.32081
Maldives,MDV,GDP (current US$),NY.GDP.MKTP.CD,2019,5726094797.67486
Maldives,MDV,GDP (current US$),NY.GDP.MKTP.CD,2018,5404344159.49959
Mali,MLI,GDP (current US$),NY.GDP.MKTP.CD,2022,18827176529.6983
Mali,MLI,GDP (current US$),NY.GDP.MKTP.CD,2021,19309463508.0377
Mali,MLI,GDP (current US$),NY.GDP.MKTP.CD,2020,17465392764.3706
Mali,MLI,GDP (current US$),NY.GDP.MKTP.CD,2019,17280250810.0321
Mali,MLI,GDP (current US$),NY.GDP.MKTP.CD,2018,17070867589.9055
Malta,MLT,GDP (current US$),NY.GDP.MKTP.CD,2022,18125564514.2664
Malta,MLT,GDP (current US$),NY.GDP.MKTP.CD,2021,18087205251.3605
Malta,MLT,GDP (current US$),NY.GDP.MKTP.CD,2020,15252609039.0749
Malta,MLT,GDP (current US$),NY.GDP.MKTP.CD,2019,15992378640.0553
Malta,MLT,GDP (current US$),NY.GDP.MKTP.CD,2018,15404393365.2073
Marshall Islands,MHL,GDP (current US$),NY.GDP.MKTP.CD,2022,258774475.097656
Marshall Islands,MHL,GDP (current US$),NY.GDP.MKTP.CD,2021,257784881.591797
Marshall Islands,MHL,GDP (current US$),NY.GDP.MKTP.CD,2020,240751144.40918
Marshall Islands,MHL,GDP (current US$),NY.GDP.MKTP.CD,2019,231996704.101563
Marshall Islands,MHL,GDP (current US$),NY.GDP.MKTP.CD,2018,219430038.452148
Mauritania,MRT,GDP (current US$),NY.GDP.MKTP.CD,2022,9780863578.97688
Mauritania,MRT,GDP (current US$),NY.GDP.MKTP.CD,2021,9222536364.01272
Mauritania,MRT,GDP (current US$),NY.GDP.MKTP.CD,2020,8260752385.23089
Mauritania,MRT,GDP (current US$),NY.GDP.MKTP.CD,2019,7894764885.82312
Mauritania,MRT,GDP (current US$),NY.GDP.MKTP.CD,2018,7473550557.07378
Mauritius,MUS,GDP (current US$),NY.GDP.MKTP.CD,2022,12948726653.811
Mauritius,MUS,GDP (current US$),NY.GDP.MKTP.CD,2021,11484357947.9086
Mauritius,MUS,GDP (current US$),NY.GDP.MKTP.CD,2020,11408106446.3144
Mauritius,MUS,GDP (current US$),NY.GDP.MKTP.CD,2019,14436346979.6355
Mauritius,MUS,GDP (current US$),NY.GDP.MKTP.CD,2018,14735695930.9727
Mexico,MEX,GDP (current US$),NY.GDP.MKTP.CD,2022,1465854089286.47
Mexico,MEX,GDP (current US$),NY.GDP.MKTP.CD,2021,1312557512901.28
Mexico,MEX,GDP (current US$),NY.GDP.MKTP.CD,2020,1120741118380.27
Mexico,MEX,GDP (current US$),NY.GDP.MKTP.CD,2019,1305212479961.59
Mexico,MEX,GDP (current US$),NY.GDP.MKTP.CD,2018,1256300182983.65
"Micronesia, Fed. Sts.",FSM,GDP (current US$),NY.GDP.MKTP.CD,2022,424000000.0
"Micronesia, Fed. Sts.",FSM,GDP (current US$),NY.GDP.MKTP.CD,2021,406000000.0
"Micronesia, Fed. Sts.",FSM,GDP (current US$),NY.GDP.MKTP.CD,2020,408000000.0
"Micronesia, Fed. Sts.",FSM,GDP (current US$),NY.GDP.MKTP.CD,2019,416000000.0
"Micronesia, Fed. Sts.",FSM,GDP (current US$),NY.GDP.MKTP.CD,2018,401932300.0
Moldova,MDA,GDP (current US$),NY.GDP.MKTP.CD,2022,14508333280.4233
Moldova,MDA,GDP (current US$),NY.GDP.MKTP.CD,2021,13692230147.0588
Moldova,MDA,GDP (current US$),NY.GDP.MKTP.CD,2020,11531967881.0624
Moldova,MDA,GDP (current US$),NY.GDP.MKTP.CD,2019,11735774634.4239
Moldova,MDA,GDP (current US$),NY.GDP.MKTP.CD,2018,11253727815.4762
Monaco,MCO,GDP (current US$),NY.GDP.MKTP.CD,2022,8784002931.68665
Monaco,MCO,GDP (current US$),NY.GDP.MKTP.CD,2021,8626081320.50612
Monaco,MCO,GDP (current US$),NY.GDP.MKTP.CD,2020,6739645416.47916
Monaco,MCO,GDP (current US$),NY.GDP.MKTP.CD,2019,7383944044.17
Monaco,MCO,GDP (current US$),NY.GDP.MKTP.CD,2018,7182444409.54069
Mongolia,MNG,GDP (current US$),NY.GDP.MKTP.CD,2022,17146471626.3963
Mongolia,MNG,GDP (current US$),NY.GDP.MKTP.CD,2021,15286441737.6686
Mongolia,MNG,GDP (current US$),NY.GDP.MKTP.CD,2020,13312981429.0891
Mongolia,MNG,GDP (current US$),NY.GDP.MKTP.CD,2019,14206359017.5143
Mongolia,MNG,GDP (current US$),NY.GDP.MKTP.CD,2018,13178094720.4986
Montenegro,MNE,GDP (current US$),NY.GDP.MKTP.CD,2022,6229801580.79157
Montenegro,MNE,GDP (current US$),NY.GDP.MKTP.CD,2021,5861427505.12493
Montenegro,MNE,GDP (current US$),NY.GDP.MKTP.CD,2020,4769996866.00758
Montenegro,MNE,GDP (current US$),NY.GDP.MKTP.CD,2019,5542054181.12616
Montenegro,MNE,GDP (current US$),NY.GDP.MKTP.CD,2018,5506942238.35668
Morocco,MAR,GDP (current US$),NY.GDP.MKTP.CD,2022,130912558829.84
Morocco,MAR,GDP (current US$),NY.GDP.MKTP.CD,2021,141817797083.468
Morocco,MAR,GDP (current US$),NY.GDP.MKTP.CD,2020,121353645057.144
Morocco,MAR,GDP (current US$),NY.GDP.MKTP.CD,2019,128920266409.458
Morocco,MAR,GDP (current US$),NY.GDP.MKTP.CD,2018,127341147581.818
Mozambique,MOZ,GDP (current US$),NY.GDP.MKTP.CD,2022,18406835954.6695
Mozambique,MOZ,GDP (current US$),NY.GDP.MKTP.CD,2021,16168056388.9101
Mozambique,MOZ,GDP (current US$),NY.GDP.MKTP.CD,2020,14235420505.2904
Mozambique,MOZ,GDP (current US$),NY.GDP.MKTP.CD,2019,15512759174.573
Mozambique,MOZ,GDP (current US$),NY.GDP.MKTP.CD,2018,15017358750.6113
Myanmar,MMR,GDP (current US$),NY.GDP.MKTP.CD,2022,62263466263.7375
Myanmar,MMR,GDP (current US$),NY.GDP.MKTP.CD,2021,66262813093.4824
Myanmar,MMR,GDP (current US$),NY.GDP.MKTP.CD,2020,79045695084.5069
Myanmar,MMR,GDP (current US$),NY.GDP.MKTP.CD,2019,75072038085.8542
Myanmar,MMR,GDP (current US$),NY.GDP.MKTP.CD,2018,67855845007.3168
Namibia,NAM,GDP (current US$),NY.GDP.MKTP.CD,2022,12914932655.685
Namibia,NAM,GDP (current US$),NY.GDP.MKTP.CD,2021,12446290854.8973
Namibia,NAM,GDP (current US$),NY.GDP.MKTP.CD,2020,10583748541.5258
Namibia,NAM,GDP (current US$),NY.GDP.MKTP.CD,2019,12541928102.7657
Namibia,NAM,GDP (current US$),NY.GDP.MKTP.CD,2018,13682018827.0434
Nauru,NRU,GDP (current US$),NY.GDP.MKTP.CD,2022,151647846.128953
Nauru,NRU,GDP (current US$),NY.GDP.MKTP.CD,2021,145536615.893046
Nauru,NRU,GDP (current US$),NY.GDP.MKTP.CD,2020,124685688.161094
Nauru,NRU,GDP (current US$),NY.GDP.MKTP.CD,2019,125160115.547819
Nauru,NRU,GDP (current US$),NY.GDP.MKTP.CD,2018,130995566.30391
Nepal,NPL,GDP (current US$),NY.GDP.MKTP.CD,2022,40828247303.5337
Nepal,NPL,GDP (current US$),NY.GDP.MKTP.CD,2021,36924841428.7182
Nepal,NPL,GDP (current US$),NY.GDP.MKTP.CD,2020,33433659223.6349
Nepal,NPL,GDP (current US$),NY.GDP.MKTP.CD,2019,34186180695.9969
Nepal,NPL,GDP (current US$),NY.GDP.MKTP.CD,2018,33111525183.2178
Netherlands,NLD,GDP (current US$),NY.GDP.MKTP.CD,2022,1009398719033.08
Netherlands,NLD,GDP (current US$),NY.GDP.MKTP.CD,2021,1029678338329.44
Netherlands,NLD,GDP (current US$),NY.GDP.MKTP.CD,2020,909793466661.481
Netherlands,NLD,GDP (current US$),NY.GDP.MKTP.CD,2019,910194347568.626
Netherlands,NLD,GDP (current US$),NY.GDP.MKTP.CD,2018,914043438179.607
New Caledonia,NCL,GDP (current US$),NY.GDP.MKTP.CD,2022,9623318718.31459
New Caledonia,NCL,GDP (current US$),NY.GDP.MKTP.CD,2021,10071349663.8484
New Caledonia,NCL,GDP (current US$),NY.GDP.MKTP.CD,2020,9454629467.91408
New Caledonia,NCL,GDP (current US$),NY.GDP.MKTP.CD,2019,9475655324.59495
New Caledonia,NCL,GDP (current US$),NY.GDP.MKTP.CD,2018,9896402283.68587
New Zealand,NZL,GDP (current US$),NY.GDP.MKTP.CD,2022,248101705541.399
New Zealand,NZL,GDP (current US$),NY.GDP.MKTP.CD,2021,255551704625.831
New Zealand,NZL,GDP (current US$),NY.GDP.MKTP.CD,2020,212569779569.519
New Zealand,NZL,GDP (current US$),NY.GDP.MKTP.CD,2019,213091987153.092
New Zealand,NZL,GDP (current US$),NY.GDP.MKTP.CD,2018,211886686924.483
Nicaragua,NIC,GDP (current US$),NY.GDP.MKTP.CD,2022,15671583939.9889
Nicaragua,NIC,GDP (current US$),NY.GDP.MKTP.CD,2021,14145880399.1935
Nicaragua,NIC,GDP (current US$),NY.GDP.MKTP.CD,2020,12678162403.5929
Nicaragua,NIC,GDP (current US$),NY.GDP.MKTP.CD,2019,12699028991.3771
Nicaragua,NIC,GDP (current US$),NY.GDP.MKTP.CD,2018,13025234958.647
Niger,NER,GDP (current US$),NY.GDP.MKTP.CD,2022,15342278919.4009
Niger,NER,GDP (current US$),NY.GDP.MKTP.CD,2021,14915002435.9913
Niger,NER,GDP (current US$),NY.GDP.MKTP.CD,2020,13744653102.9945
Niger,NER,GDP (current US$),NY.GDP.MKTP.CD,2019,12889555561.304
Niger,NER,GDP (current US$),NY.GDP.MKTP.CD,2018,12837307496.8797
Nigeria,NGA,GDP (current US$),NY.GDP.MKTP.CD,2022,472624597402.898
Nigeria,NGA,GDP (current US$),NY.GDP.MKTP.CD,2021,440838992188.478
Nigeria,NGA,GDP (current US$),NY.GDP.MKTP.CD,2020,432198898221.967
Nigeria,NGA,GDP (current US$),NY.GDP.MKTP.CD,2019,474517491092.913
Nigeria,NGA,GDP (current US$),NY.GDP.MKTP.CD,2018,421739251509.08
North Macedonia,MKD,GDP (current US$),NY.GDP.MKTP.CD,2022,13563132102.1663
North Macedonia,MKD,GDP (current US$),NY.GDP.MKTP.CD,2021,13998355971.3044
North Macedonia,MKD,GDP (current US$),NY.GDP.MKTP.CD,2020,12363580534.6811
North Macedonia,MKD,GDP (current US$),NY.GDP.MKTP.CD,2019,12606338448.547
North Macedonia,MKD,GDP (current US$),NY.GDP.MKTP.CD,2018,12683068114.2388
Northern Mariana Islands,MNP,GDP (current US$),NY.GDP.MKTP.CD,2022,
Northern Mariana Islands,MNP,GDP (current US$),NY.GDP.MKTP.CD,2021,
Northern Mariana Islands,MNP,GDP (current US$),NY.GDP.MKTP.CD,2020,858000000.0
Northern Mariana Islands,MNP,GDP (current US$),NY.GDP.MKTP.CD,2019,1181000000.0
Northern Mariana Islands,MNP,GDP (current US$),NY.GDP.MKTP.CD,2018,1301000000.0
Norway,NOR,GDP (current US$),NY.GDP.MKTP.CD,2022,593348981537.661
Norway,NOR,GDP (current US$),NY.GDP.MKTP.CD,2021,503367986030.268
Norway,NOR,GDP (current US$),NY.GDP.MKTP.CD,2020,367633418886.627
Norway,NOR,GDP (current US$),NY.GDP.MKTP.CD,2019,408742840909.091
Norway,NOR,GDP (current US$),NY.GDP.MKTP.CD,2018,439788625883.8
Oman,OMN,GDP (current US$),NY.GDP.MKTP.CD,2022,114667360208.062
Oman,OMN,GDP (current US$),NY.GDP.MKTP.CD,2021,88191977373.212
Oman,OMN,GDP (current US$),NY.GDP.MKTP.CD,2020,75909397659.2978
Oman,OMN,GDP (current US$),NY.GDP.MKTP.CD,2019,88060858257.4772
Oman,OMN,GDP (current US$),NY.GDP.MKTP.CD,2018,91505851755.5267
Pakistan,PAK,GDP (current US$),NY.GDP.MKTP.CD,2022,374697366359.244
Pakistan,PAK,GDP (current US$),NY.GDP.MKTP.CD,2021,348516647445.148
Pakistan,PAK,GDP (current US$),NY.GDP.MKTP.CD,2020,300425609817.981
Pakistan,PAK,GDP (current US$),NY.GDP.MKTP.CD,2019,320909472770.669
Pakistan,PAK,GDP (current US$),NY.GDP.MKTP.CD,2018,356128166704.921
Palau,PLW,GDP (current US$),NY.GDP.MKTP.CD,2022,
Palau,PLW,GDP (current US$),NY.GDP.MKTP.CD,2021,232903015.625
Palau,PLW,GDP (current US$),NY.GDP.MKTP.CD,2020,257885921.875
Palau,PLW,GDP (current US$),NY.GDP.MKTP.CD,2019,281970375.0
Palau,PLW,GDP (current US$),NY.GDP.MKTP.CD,2018,288546281.25
Panama,PAN,GDP (current US$),NY.GDP.MKTP.CD,2022,76522511800.0
Panama,PAN,GDP (current US$),NY.GDP.MKTP.CD,2021,67406738100.0
Panama,PAN,GDP (current US$),NY.GDP.MKTP.CD,2020,57086836900.0
Panama,PAN,GDP (current US$),NY.GDP.MKTP.CD,2019,69721787500.0
Panama,PAN,GDP (current US$),NY.GDP.MKTP.CD,2018,67294169200.0
Papua New Guinea,PNG,GDP (current US$),NY.GDP.MKTP.CD,2022,31603619041.7903
Papua New Guinea,PNG,GDP (current US$),NY.GDP.MKTP.CD,2021,26113333244.5115
Papua New Guinea,PNG,GDP (current US$),NY.GDP.MKTP.CD,2020,23848445103.9227
Papua New Guinea,PNG,GDP (current US$),NY.GDP.MKTP.CD,2019,24751066910.5409
Papua New Guinea,PNG,GDP (current US$),NY.GDP.MKTP.CD,2018,24109780708.0268
Paraguay,PRY,GDP (current US$),NY.GDP.MKTP.CD,2022,41722295229.2279
Paraguay,PRY,GDP (current US$),NY.GDP.MKTP.CD,2021,39950899938.7482
Paraguay,PRY,GDP (current US$),NY.GDP.MKTP.CD,2020,35432178068.1814
Paraguay,PRY,GDP (current US$),NY.GDP.MKTP.CD,2019,37925338329.1494
Paraguay,PRY,GDP (current US$),NY.GDP.MKTP.CD,2018,40225448340.6322
Peru,PER,GDP (current US$),NY.GDP.MKTP.CD,2022,242631573320.79
Peru,PER,GDP (current US$),NY.GDP.MKTP.CD,2021,223717799056.526
Peru,PER,GDP (current US$),NY.GDP.MKTP.CD,2020,201947615138.567
Peru,PER,GDP (current US$),NY.GDP.MKTP.CD,2019,228325821196.153
Peru,PER,GDP (current US$),NY.GDP.MKTP.CD,2018,222597009739.235
Philippines,PHL,GDP (current US$),NY.GDP.MKTP.CD,2022,404284326110.463
Philippines,PHL,GDP (current US$),NY.GDP.MKTP.CD,2021,394087359844.049
Philippines,PHL,GDP (current US$),NY.GDP.MKTP.CD,2020,361751145451.597
Philippines,PHL,GDP (current US$),NY.GDP.MKTP.CD,2019,376823402244.928
Philippines,PHL,GDP (current US$),NY.GDP.MKTP.CD,2018,346841896583.515
Poland,POL,GDP (current US$),NY.GDP.MKTP.CD,2022,688125010520.52
Poland,POL,GDP (current US$),NY.GDP.MKTP.CD,2021,681346136411.701
Poland,POL,GDP (current US$),NY.GDP.MKTP.CD,2020,599442783598.064
Poland,POL,GDP (current US$),NY.GDP.MKTP.CD,2019,596058473058.766
Poland,POL,GDP (current US$),NY.GDP.MKTP.CD,2018,588779850758.053
Portugal,PRT,GDP (current US$),NY.GDP.MKTP.CD,2022,255196660987.427
Portugal,PRT,GDP (current US$),NY.GDP.MKTP.CD,2021,255534839405.899
Portugal,PRT,GDP (current US$),NY.GDP.MKTP.CD,2020,229031860520.777
Portugal,PRT,GDP (current US$),NY.GDP.MKTP.CD,2019,239986922638.902
Portugal,PRT,GDP (current US$),NY.GDP.MKTP.CD,2018,242313116577.967
Puerto Rico,PRI,GDP (current US$),NY.GDP.MKTP.CD,2022,113434800000.0
Puerto Rico,PRI,GDP (current US$),NY.GDP.MKTP.CD,2021,106368900000.0
Puerto Rico,PRI,GDP (current US$),NY.GDP.MKTP.CD,2020,103130900000.0
Puerto Rico,PRI,GDP (current US$),NY.GDP.MKTP.CD,2019,105126400000.0
Puerto Rico,PRI,GDP (current US$),NY.GDP.MKTP.CD,2018,100958100000.0
Qatar,QAT,GDP (current US$),NY.GDP.MKTP.CD,2022,236258302839.653
Qatar,QAT,GDP (current US$),NY.GDP.MKTP.CD,2021,179732009554.846
Qatar,QAT,GDP (current US$),NY.GDP.MKTP.CD,2020,144411363345.27
Qatar,QAT,GDP (current US$),NY.GDP.MKTP.CD,2019,176371267689.082
Qatar,QAT,GDP (current US$),NY.GDP.MKTP.CD,2018,183334953818.681
Romania,ROU,GDP (current US$),NY.GDP.MKTP.CD,2022,300691354864.855
Romania,ROU,GDP (current US$),NY.GDP.MKTP.CD,2021,285810244501.933
Romania,ROU,GDP (current US$),NY.GDP.MKTP.CD,2020,251362514349.697
Romania,ROU,GDP (current US$),NY.GDP.MKTP.CD,2019,251017797625.017
Romania,ROU,GDP (current US$),NY.GDP.MKTP.CD,2018,243316029944.056
Russian Federation,RUS,GDP (current US$),NY.GDP.MKTP.CD,2022,2240422427458.58
Russian Federation,RUS,GDP (current US$),NY.GDP.MKTP.CD,2021,1836892075547.52
Russian Federation,RUS,GDP (current US$),NY.GDP.MKTP.CD,2020,1493075894362.14
Russian Federation,RUS,GDP (current US$),NY.GDP.MKTP.CD,2019,1693115002708.32
Russian Federation,RUS,GDP (current US$),NY.GDP.MKTP.CD,2018,1657328773461.31
Rwanda,RWA,GDP (current US$),NY.GDP.MKTP.CD,2022,13311487445.0686
Rwanda,RWA,GDP (current US$),NY.GDP.MKTP.CD,2021,11054517345.7109
Rwanda,RWA,GDP (current US$),NY.GDP.MKTP.CD,2020,10172303393.0612
Rwanda,RWA,GDP (current US$),NY.GDP.MKTP.CD,2019,10346326599.029
Rwanda,RWA,GDP (current US$),NY.GDP.MKTP.CD,2018,9636254325.02444
Samoa,WSM,GDP (current US$),NY.GDP.MKTP.CD,2022,832945205.637185
Samoa,WSM,GDP (current US$),NY.GDP.MKTP.CD,2021,843923638.733018
Samoa,WSM,GDP (current US$),NY.GDP.MKTP.CD,2020,868898358.266437
Samoa,WSM,GDP (current US$),NY.GDP.MKTP.CD,2019,912950466.064906
Samoa,WSM,GDP (current US$),NY.GDP.MKTP.CD,2018,878448433.404342
San Marino,SMR,GDP (current US$),NY.GDP.MKTP.CD,2022,
San Marino,SMR,GDP (current US$),NY.GDP.MKTP.CD,2021,1855382833.1165
San Marino,SMR,GDP (current US$),NY.GDP.MKTP.CD,2020,1541247883.99351
San Marino,SMR,GDP (current US$),NY.GDP.MKTP.CD,2019,1616188702.33964
San Marino,SMR,GDP (current US$),NY.GDP.MKTP.CD,2018,1655354303.86998
Sao Tome and Principe,STP,GDP (current US$),NY.GDP.MKTP.CD,2022,542686976.457587
Sao Tome and Principe,STP,GDP (current US$),NY.GDP.MKTP.CD,2021,524402450.755612
Sao Tome and Principe,STP,GDP (current US$),NY.GDP.MKTP.CD,2020,471229484.607144
Sao Tome and Principe,STP,GDP (current US$),NY.GDP.MKTP.CD,2019,412976064.479214
Sao Tome and Principe,STP,GDP (current US$),NY.GDP.MKTP.CD,2018,383717327.830508
Saudi Arabia,SAU,GDP (current US$),NY.GDP.MKTP.CD,2022,1108571517285.38
Saudi Arabia,SAU,GDP (current US$),NY.GDP.MKTP.CD,2021,874156115900.131
Saudi Arabia,SAU,GDP (current US$),NY.GDP.MKTP.CD,2020,734271183944.989
Saudi Arabia,SAU,GDP (current US$),NY.GDP.MKTP.CD,2019,838564705295.139
Saudi Arabia,SAU,GDP (current US$),NY.GDP.MKTP.CD,2018,846583791842.629
Senegal,SEN,GDP (current US$),NY.GDP.MKTP.CD,2022,27684264748.2324
Senegal,SEN,GDP (current US$),NY.GDP.MKTP.CD,2021,27569136729.9023
Senegal,SEN,GDP (current US$),NY.GDP.MKTP.CD,2020,24530513037.7518
Senegal,SEN,GDP (current US$),NY.GDP.MKTP.CD,2019,23403995992.1354
Senegal,SEN,GDP (current US$),NY.GDP.MKTP.CD,2018,23116701556.1381
Serbia,SRB,GDP (current US$),NY.GDP.MKTP.CD,2022,63563401043.5044
Serbia,SRB,GDP (current US$),NY.GDP.MKTP.CD,2021,63101069561.2193
Serbia,SRB,GDP (current US$),NY.GDP.MKTP.CD,2020,53356484591.4378
Serbia,SRB,GDP (current US$),NY.GDP.MKTP.CD,2019,51514242938.6734
Serbia,SRB,GDP (current US$),NY.GDP.MKTP.CD,2018,50640662859.4987
Seychelles,SYC,GDP (current US$),NY.GDP.MKTP.CD,2022,1588438144.37685
Seychelles,SYC,GDP (current US$),NY.GDP.MKTP.CD,2021,1286687308.25807
Seychelles,SYC,GDP (current US$),NY.GDP.MKTP.CD,2020,1183515314.03478
Seychelles,SYC,GDP (current US$),NY.GDP.MKTP.CD,2019,1645090567.04612
Seychelles,SYC,GDP (current US$),NY.GDP.MKTP.CD,2018,1588050311.16454
Sierra Leone,SLE,GDP (current US$),NY.GDP.MKTP.CD,2022,4094563859.43556
Sierra Leone,SLE,GDP (current US$),NY.GDP.MKTP.CD,2021,4249234704.01866
Sierra Leone,SLE,GDP (current US$),NY.GDP.MKTP.CD,2020,4062906265.7332
Sierra Leone,SLE,GDP (current US$),NY.GDP.MKTP.CD,2019,4076578698.79107
Sierra Leone,SLE,GDP (current US$),NY.GDP.MKTP.CD,2018,4085114387.55605
Singapore,SGP,GDP (current US$),NY.GDP.MKTP.CD,2022,466788426791.966
Singapore,SGP,GDP (current US$),NY.GDP.MKTP.CD,2021,423797100521.555
Singapore,SGP,GDP (current US$),NY.GDP.MKTP.CD,2020,348392090695.217
Singapore,SGP,GDP (current US$),NY.GDP.MKTP.CD,2019,376837580397.579
Singapore,SGP,GDP (current US$),NY.GDP.MKTP.CD,2018,376869492498.009
Sint Maarten (Dutch part),SXM,GDP (current US$),NY.GDP.MKTP.CD,2022,1537088724.46126
Sint Maarten (Dutch part),SXM,GDP (current US$),NY.GDP.MKTP.CD,2021,1353071060.2652
Sint Maarten (Dutch part),SXM,GDP (current US$),NY.GDP.MKTP.CD,2020,1236428075.42112
Sint Maarten (Dutch part),SXM,GDP (current US$),NY.GDP.MKTP.CD,2019,1407880465.5512
Sint Maarten (Dutch part),SXM,GDP (current US$),NY.GDP.MKTP.CD,2018,1259200442.69574
Slovak Republic,SVK,GDP (current US$),NY.GDP.MKTP.CD,2022,115461711688.965
Slovak Republic,SVK,GDP (current US$),NY.GDP.MKTP.CD,2021,118576482542.583
Slovak Republic,SVK,GDP (current US$),NY.GDP.MKTP.CD,2020,106731482855.496
Slovak Republic,SVK,GDP (current US$),NY.GDP.MKTP.CD,2019,105711680180.565
Slovak Republic,SVK,GDP (current US$),NY.GDP.MKTP.CD,2018,106137924015.593
Slovenia,SVN,GDP (current US$),NY.GDP.MKTP.CD,2022,60063475466.3446
Slovenia,SVN,GDP (current US$),NY.GDP.MKTP.CD,2021,61832201543.8285
Slovenia,SVN,GDP (current US$),NY.GDP.MKTP.CD,2020,53734526854.2289
Slovenia,SVN,GDP (current US$),NY.GDP.MKTP.CD,2019,54386654313.9685
Slovenia,SVN,GDP (current US$),NY.GDP.MKTP.CD,2018,54177882425.8431
Solomon Islands,SLB,GDP (current US$),NY.GDP.MKTP.CD,2022,1597204340.62902
Solomon Islands,SLB,GDP (current US$),NY.GDP.MKTP.CD,2021,1580303515.40945
Solomon Islands,SLB,GDP (current US$),NY.GDP.MKTP.CD,2020,1536145814.17007
Solomon Islands,SLB,GDP (current US$),NY.GDP.MKTP.CD,2019,1619155017.3924
Solomon Islands,SLB,GDP (current US$),NY.GDP.MKTP.CD,2018,1615478393.28614
Somalia,SOM,GDP (current US$),NY.GDP.MKTP.CD,2022,10419541202.0382
Somalia,SOM,GDP (current US$),NY.GDP.MKTP.CD,2021,9838711529.45863
Somalia,SOM,GDP (current US$),NY.GDP.MKTP.CD,2020,9204140383.17507
Somalia,SOM,GDP (current US$),NY.GDP.MKTP.CD,2019,9420431258.24667
Somalia,SOM,GDP (current US$),NY.GDP.MKTP.CD,2018,8278212314.40591
South Africa,ZAF,GDP (current US$),NY.GDP.MKTP.CD,2022,405270850099.387
South Africa,ZAF,GDP (current US$),NY.GDP.MKTP.CD,2021,420117812463.841
South Africa,ZAF,GDP (current US$),NY.GDP.MKTP.CD,2020,338291396025.956
South Africa,ZAF,GDP (current US$),NY.GDP.MKTP.CD,2019,389330032221.07
South Africa,ZAF,GDP (current US$),NY.GDP.MKTP.CD,2018,405260723892.868
South Sudan,SSD,GDP (current US$),NY.GDP.MKTP.CD,2022,
South Sudan,SSD,GDP (current US$),NY.GDP.MKTP.CD,2021,
South Sudan,SSD,GDP (current US$),NY.GDP.MKTP.CD,2020,
South Sudan,SSD,GDP (current US$),NY.GDP.MKTP.CD,2019,
South Sudan,SSD,GDP (current US$),NY.GDP.MKTP.CD,2018,
Spain,ESP,GDP (current US$),NY.GDP.MKTP.CD,2022,1417800466262.65
Spain,ESP,GDP (current US$),NY.GDP.MKTP.CD,2021,1445651653604.63
Spain,ESP,GDP (current US$),NY.GDP.MKTP.CD,2020,1278128867875.49
Spain,ESP,GDP (current US$),NY.GDP.MKTP.CD,2019,1394320055129.41
Spain,ESP,GDP (current US$),NY.GDP.MKTP.CD,2018,1421702715218.04
Sri Lanka,LKA,GDP (current US$),NY.GDP.MKTP.CD,2022,74403578363.4355
Sri Lanka,LKA,GDP (current US$),NY.GDP.MKTP.CD,2021,88548049121.4972
Sri Lanka,LKA,GDP (current US$),NY.GDP.MKTP.CD,2020,84440516486.1099
Sri Lanka,LKA,GDP (current US$),NY.GDP.MKTP.CD,2019,89014978344.1404
Sri Lanka,LKA,GDP (current US$),NY.GDP.MKTP.CD,2018,94493871200.7869
St. Kitts and Nevis,KNA,GDP (current US$),NY.GDP.MKTP.CD,2022,965638864.921867
St. Kitts and Nevis,KNA,GDP (current US$),NY.GDP.MKTP.CD,2021,858592592.592592
St. Kitts and Nevis,KNA,GDP (current US$),NY.GDP.MKTP.CD,2020,883933333.333333
St. Kitts and Nevis,KNA,GDP (current US$),NY.GDP.MKTP.CD,2019,1107155555.55556
St. Kitts and Nevis,KNA,GDP (current US$),NY.GDP.MKTP.CD,2018,1076240740.74074
St. Lucia,LCA,GDP (current US$),NY.GDP.MKTP.CD,2022,2343703703.7037
St. Lucia,LCA,GDP (current US$),NY.GDP.MKTP.CD,2021,1961111111.11111
St. Lucia,LCA,GDP (current US$),NY.GDP.MKTP.CD,2020,1604444444.44444
St. Lucia,LCA,GDP (current US$),NY.GDP.MKTP.CD,2019,2102534000.0
St. Lucia,LCA,GDP (current US$),NY.GDP.MKTP.CD,2018,2057066666.66667
St. Martin (French part),MAF,GDP (current US$),NY.GDP.MKTP.CD,2022,
St. Martin (French part),MAF,GDP (current US$),NY.GDP.MKTP.CD,2021,649206262.847519
St. Martin (French part),MAF,GDP (current US$),NY.GDP.MKTP.CD,2020,
St. Martin (French part),MAF,GDP (current US$),NY.GDP.MKTP.CD,2019,652206037.103874
St. Martin (French part),MAF,GDP (current US$),NY.GDP.MKTP.CD,2018,
St. Vincent and the Grenadines,VCT,GDP (current US$),NY.GDP.MKTP.CD,2022,948559259.259259
St. Vincent and the Grenadines,VCT,GDP (current US$),NY.GDP.MKTP.CD,2021,872222222.222222
St. Vincent and the Grenadines,VCT,GDP (current US$),NY.GDP.MKTP.CD,2020,869111111.111111
St. Vincent and the Grenadines,VCT,GDP (current US$),NY.GDP.MKTP.CD,2019,910766666.666667
St. Vincent and the Grenadines,VCT,GDP (current US$),NY.GDP.MKTP.CD,2018,884329629.62963
Sudan,SDN,GDP (current US$),NY.GDP.MKTP.CD,2022,51662241775.0629
Sudan,SDN,GDP (current US$),NY.GDP.MKTP.CD,2021,34229513773.9708
Sudan,SDN,GDP (current US$),NY.GDP.MKTP.CD,2020,27034593750.0
Sudan,SDN,GDP (current US$),NY.GDP.MKTP.CD,2019,32338079165.2893
Sudan,SDN,GDP (current US$),NY.GDP.MKTP.CD,2018,32333780383.2924
Suriname,SUR,GDP (current US$),NY.GDP.MKTP.CD,2022,3620987993.32637
Suriname,SUR,GDP (current US$),NY.GDP.MKTP.CD,2021,3081401725.88833
Suriname,SUR,GDP (current US$),NY.GDP.MKTP.CD,2020,2911807496.20227
Suriname,SUR,GDP (current US$),NY.GDP.MKTP.CD,2019,4016040575.08796
Suriname,SUR,GDP (current US$),NY.GDP.MKTP.CD,2018,3996198866.57453
Sweden,SWE,GDP (current US$),NY.GDP.MKTP.CD,2022,591718144602.141
Sweden,SWE,GDP (current US$),NY.GDP.MKTP.CD,2021,639714956069.468
Sweden,SWE,GDP (current US$),NY.GDP.MKTP.CD,2020,547054174235.876
Sweden,SWE,GDP (current US$),NY.GDP.MKTP.CD,2019,533879529188.454
Sweden,SWE,GDP (current US$),NY.GDP.MKTP.CD,2018,555455371487.089
Switzerland,CHE,GDP (current US$),NY.GDP.MKTP.CD,2022,818426550206.45
Switzerland,CHE,GDP (current US$),NY.GDP.MKTP.CD,2021,813408787222.499
Switzerland,CHE,GDP (current US$),NY.GDP.MKTP.CD,2020,741999406005.627
Switzerland,CHE,GDP (current US$),NY.GDP.MKTP.CD,2019,721369112726.724
Switzerland,CHE,GDP (current US$),NY.GDP.MKTP.CD,2018,725568717468.001
Syrian Arab Republic,SYR,GDP (current US$),NY.GDP.MKTP.CD,2022,
Syrian Arab Republic,SYR,GDP (current US$),NY.GDP.MKTP.CD,2021,8969512933.38826
Syrian Arab Republic,SYR,GDP (current US$),NY.GDP.MKTP.CD,2020,11156757922.0385
Syrian Arab Republic,SYR,GDP (current US$),NY.GDP.MKTP.CD,2019,22600896342.9399
Syrian Arab Republic,SYR,GDP (current US$),NY.GDP.MKTP.CD,2018,21496337948.9175
Tajikistan,TJK,GDP (current US$),NY.GDP.MKTP.CD,2022,10492123387.7931
Tajikistan,TJK,GDP (current US$),NY.GDP.MKTP.CD,2021,8937805347.13963
Tajikistan,TJK,GDP (current US$),NY.GDP.MKTP.CD,2020,8133963813.07025
Tajikistan,TJK,GDP (current US$),NY.GDP.MKTP.CD,2019,8300813889.60795
Tajikistan,TJK,GDP (current US$),NY.GDP.MKTP.CD,2018,7765000282.26569
Tanzania,TZA,GDP (current US$),NY.GDP.MKTP.CD,2022,75732311666.039
Tanzania,TZA,GDP (current US$),NY.GDP.MKTP.CD,2021,70655628147.8986
Tanzania,TZA,GDP (current US$),NY.GDP.MKTP.CD,2020,66068737786.0639
Tanzania,TZA,GDP (current US$),NY.GDP.MKTP.CD,2019,61026731925.9213
Tanzania,TZA,GDP (current US$),NY.GDP.MKTP.CD,2018,57003712892.0858
Thailand,THA,GDP (current US$),NY.GDP.MKTP.CD,2022,495423343049.622
Thailand,THA,GDP (current US$),NY.GDP.MKTP.CD,2021,505568063988.806
Thailand,THA,GDP (current US$),NY.GDP.MKTP.CD,2020,500457264955.763
Thailand,THA,GDP (current US$),NY.GDP.MKTP.CD,2019,543976691793.886
Thailand,THA,GDP (current US$),NY.GDP.MKTP.CD,2018,506754208404.485
Timor-Leste,TLS,GDP (current US$),NY.GDP.MKTP.CD,2022,3204753000.0
Timor-Leste,TLS,GDP (current US$),NY.GDP.MKTP.CD,2021,3621958000.0
Timor-Leste,TLS,GDP (current US$),NY.GDP.MKTP.CD,2020,2162619200.0
Timor-Leste,TLS,GDP (current US$),NY.GDP.MKTP.CD,2019,2027034000.0
Timor-Leste,TLS,GDP (current US$),NY.GDP.MKTP.CD,2018,1566157200.0
Togo,TGO,GDP (current US$),NY.GDP.MKTP.CD,2022,8341225241.45693
Togo,TGO,GDP (current US$),NY.GDP.MKTP.CD,2021,8443112143.23844
Togo,TGO,GDP (current US$),NY.GDP.MKTP.CD,2020,7486031561.86885
Togo,TGO,GDP (current US$),NY.GDP.MKTP.CD,2019,6992654019.28876
Togo,TGO,GDP (current US$),NY.GDP.MKTP.CD,2018,7029215766.46367
Tonga,TON,GDP (current US$),NY.GDP.MKTP.CD,2022,
Tonga,TON,GDP (current US$),NY.GDP.MKTP.CD,2021,469228219.665791
Tonga,TON,GDP (current US$),NY.GDP.MKTP.CD,2020,484796854.918756
Tonga,TON,GDP (current US$),NY.GDP.MKTP.CD,2019,512053692.078675
Tonga,TON,GDP (current US$),NY.GDP.MKTP.CD,2018,488906838.594866
Trinidad and Tobago,TTO,GDP (current US$),NY.GDP.MKTP.CD,2022,30053575132.142
Trinidad and Tobago,TTO,GDP (current US$),NY.GDP.MKTP.CD,2021,24496505940.6673
Trinidad and Tobago,TTO,GDP (current US$),NY.GDP.MKTP.CD,2020,20807571314.3043
Trinidad and Tobago,TTO,GDP (current US$),NY.GDP.MKTP.CD,2019,23775754304.6652
Trinidad and Tobago,TTO,GDP (current US$),NY.GDP.MKTP.CD,2018,24569079488.3913
Tunisia,TUN,GDP (current US$),NY.GDP.MKTP.CD,2022,46303552449.3542
Tunisia,TUN,GDP (current US$),NY.GDP.MKTP.CD,2021,46687293140.3377
Tunisia,TUN,GDP (current US$),NY.GDP.MKTP.CD,2020,42538289933.2162
Tunisia,TUN,GDP (current US$),NY.GDP.MKTP.CD,2019,41905540184.424
Tunisia,TUN,GDP (current US$),NY.GDP.MKTP.CD,2018,42686580020.8322
Turkiye,TUR,GDP (current US$),NY.GDP.MKTP.CD,2022,907118435952.688
Turkiye,TUR,GDP (current US$),NY.GDP.MKTP.CD,2021,819865253669.661
Turkiye,TUR,GDP (current US$),NY.GDP.MKTP.CD,2020,720338498174.744
Turkiye,TUR,GDP (current US$),NY.GDP.MKTP.CD,2019,761005946788.221
Turkiye,TUR,GDP (current US$),NY.GDP.MKTP.CD,2018,778972199727.859
Turkmenistan,TKM,GDP (current US$),NY.GDP.MKTP.CD,2022,56542857142.8571
Turkmenistan,TKM,GDP (current US$),NY.GDP.MKTP.CD,2021,50007428571.4286
Turkmenistan,TKM,GDP (current US$),NY.GDP.MKTP.CD,2020,45818000000.0
Turkmenistan,TKM,GDP (current US$),NY.GDP.MKTP.CD,2019,45232857142.8571
Turkmenistan,TKM,GDP (current US$),NY.GDP.MKTP.CD,2018,40765428571.4286
Turks and Caicos Islands,TCA,GDP (current US$),NY.GDP.MKTP.CD,2022,1138808881.1
Turks and Caicos Islands,TCA,GDP (current US$),NY.GDP.MKTP.CD,2021,1044778790.0
Turks and Caicos Islands,TCA,GDP (current US$),NY.GDP.MKTP.CD,2020,924583000.0
Turks and Caicos Islands,TCA,GDP (current US$),NY.GDP.MKTP.CD,2019,1197415000.0
Turks and Caicos Islands,TCA,GDP (current US$),NY.GDP.MKTP.CD,2018,1113178000.0
Tuvalu,TUV,GDP (current US$),NY.GDP.MKTP.CD,2022,59065979.0227679
Tuvalu,TUV,GDP (current US$),NY.GDP.MKTP.CD,2021,60196405.7138393
Tuvalu,TUV,GDP (current US$),NY.GDP.MKTP.CD,2020,51746594.3148543
Tuvalu,TUV,GDP (current US$),NY.GDP.MKTP.CD,2019,54123198.5662913
Tuvalu,TUV,GDP (current US$),NY.GDP.MKTP.CD,2018,48015259.8751356
Uganda,UGA,GDP (current US$),NY.GDP.MKTP.CD,2022,45567304608.4764
Uganda,UGA,GDP (current US$),NY.GDP.MKTP.CD,2021,40510241365.8914
Uganda,UGA,GDP (current US$),NY.GDP.MKTP.CD,2020,37605430214.3519
Uganda,UGA,GDP (current US$),NY.GDP.MKTP.CD,2019,35348155095.4215
Uganda,UGA,GDP (current US$),NY.GDP.MKTP.CD,2018,32927025619.6795
Ukraine,UKR,GDP (current US$),NY.GDP.MKTP.CD,2022,160502737251.047
Ukraine,UKR,GDP (current US$),NY.GDP.MKTP.CD,2021,199765859570.935
Ukraine,UKR,GDP (current US$),NY.GDP.MKTP.CD,2020,156617722013.342
Ukraine,UKR,GDP (current US$),NY.GDP.MKTP.CD,2019,153883047509.577
Ukraine,UKR,GDP (current US$),NY.GDP.MKTP.CD,2018,130891088293.55
United Arab Emirates,ARE,GDP (current US$),NY.GDP.MKTP.CD,2022,507063968273.313
United Arab Emirates,ARE,GDP (current US$),NY.GDP.MKTP.CD,2021,415178792769.884
United Arab Emirates,ARE,GDP (current US$),NY.GDP.MKTP.CD,2020,349473015336.939
United Arab Emirates,ARE,GDP (current US$),NY.GDP.MKTP.CD,2019,417989721734.494
United Arab Emirates,ARE,GDP (current US$),NY.GDP.MKTP.CD,2018,427049432149.345
United Kingdom,GBR,GDP (current US$),NY.GDP.MKTP.CD,2022,3089072722400.14
United Kingdom,GBR,GDP (current US$),NY.GDP.MKTP.CD,2021,3141506156618.7
United Kingdom,GBR,GDP (current US$),NY.GDP.MKTP.CD,2020,2697806592293.86
United Kingdom,GBR,GDP (current US$),NY.GDP.MKTP.CD,2019,2851407164907.81
United Kingdom,GBR,GDP (current US$),NY.GDP.MKTP.CD,2018,2871340347581.79
United States,USA,GDP (current US$),NY.GDP.MKTP.CD,2022,25439700000000.0
United States,USA,GDP (current US$),NY.GDP.MKTP.CD,2021,23315080560000.0
United States,USA,GDP (current US$),NY.GDP.MKTP.CD,2020,21060473613000.0
United States,USA,GDP (current US$),NY.GDP.MKTP.CD,2019,21380976119000.0
United States,USA,GDP (current US$),NY.GDP.MKTP.CD,2018,20533057312000.0
Uruguay,URY,GDP (current US$),NY.GDP.MKTP.CD,2022,71177146197.4951
Uruguay,URY,GDP (current US$),NY.GDP.MKTP.CD,2021,61412268248.9461
Uruguay,URY,GDP (current US$),NY.GDP.MKTP.CD,2020,53666908053.7655
Uruguay,URY,GDP (current US$),NY.GDP.MKTP.CD,2019,62048585618.505
Uruguay,URY,GDP (current US$),NY.GDP.MKTP.CD,2018,65203071817.9812
Uzbekistan,UZB,GDP (current US$),NY.GDP.MKTP.CD,2022,80391853887.4049
Uzbekistan,UZB,GDP (current US$),NY.GDP.MKTP.CD,2021,69600614987.3509
Uzbekistan,UZB,GDP (current US$),NY.GDP.MKTP.CD,2020,60224701296.7885
Uzbekistan,UZB,GDP (current US$),NY.GDP.MKTP.CD,2019,60283503705.3907
Uzbekistan,UZB,GDP (current US$),NY.GDP.MKTP.CD,2018,52870108217.2949
Vanuatu,VUT,GDP (current US$),NY.GDP.MKTP.CD,2022,1055811723.74753
Vanuatu,VUT,GDP (current US$),NY.GDP.MKTP.CD,2021,971636097.850666
Vanuatu,VUT,GDP (current US$),NY.GDP.MKTP.CD,2020,909421043.508407
Vanuatu,VUT,GDP (current US$),NY.GDP.MKTP.CD,2019,936526267.622513
Vanuatu,VUT,GDP (current US$),NY.GDP.MKTP.CD,2018,914736985.430944
"Venezuela, RB",VEN,GDP (current US$),NY.GDP.MKTP.CD,2022,
"Venezuela, RB",VEN,GDP (current US$),NY.GDP.MKTP.CD,2021,
"Venezuela, RB",VEN,GDP (current US$),NY.GDP.MKTP.CD,2020,
"Venezuela, RB",VEN,GDP (current US$),NY.GDP.MKTP.CD,2019,
"Venezuela, RB",VEN,GDP (current US$),NY.GDP.MKTP.CD,2018,
Viet Nam,VNM,GDP (current US$),NY.GDP.MKTP.CD,2022,408802378904.838
Viet Nam,VNM,GDP (current US$),NY.GDP.MKTP.CD,2021,366137569122.215
Viet Nam,VNM,GDP (current US$),NY.GDP.MKTP.CD,2020,346615738537.796
Viet Nam,VNM,GDP (current US$),NY.GDP.MKTP.CD,2019,334365270496.667
Viet Nam,VNM,GDP (current US$),NY.GDP.MKTP.CD,2018,310106478394.659
Virgin Islands (U.S.),VIR,GDP (current US$),NY.GDP.MKTP.CD,2022,
Virgin Islands (U.S.),VIR,GDP (current US$),NY.GDP.MKTP.CD,2021,4444000000.0
Virgin Islands (U.S.),VIR,GDP (current US$),NY.GDP.MKTP.CD,2020,4189000000.0
Virgin Islands (U.S.),VIR,GDP (current US$),NY.GDP.MKTP.CD,2019,4121000000.0
Virgin Islands (U.S.),VIR,GDP (current US$),NY.GDP.MKTP.CD,2018,3923000000.0
West Bank and Gaza,PSE,GDP (current US$),NY.GDP.MKTP.CD,2022,19111900000.0
West Bank and Gaza,PSE,GDP (current US$),NY.GDP.MKTP.CD,2021,18109000000.0
West Bank and Gaza,PSE,GDP (current US$),NY.GDP.MKTP.CD,2020,15531700000.0
West Bank and Gaza,PSE,GDP (current US$),NY.GDP.MKTP.CD,2019,17133500000.0
West Bank and Gaza,PSE,GDP (current US$),NY.GDP.MKTP.CD,2018,16276600000.0
"Yemen, Rep.",YEM,GDP (current US$),NY.GDP.MKTP.CD,2022,
"Yemen, Rep.",YEM,GDP (current US$),NY.GDP.MKTP.CD,2021,
"Yemen, Rep.",YEM,GDP (current US$),NY.GDP.MKTP.CD,2020,
"Yemen, Rep.",YEM,GDP (current US$),NY.GDP.MKTP.CD,2019,
"Yemen, Rep.",YEM,GDP (current US$),NY.GDP.MKTP.CD,2018,21606160783.9845
Zambia,ZMB,GDP (current US$),NY.GDP.MKTP.CD,2022,29163782138.3415
Zambia,ZMB,GDP (current US$),NY.GDP.MKTP.CD,2021,22096416933.7902
Zambia,ZMB,GDP (current US$),NY.GDP.MKTP.CD,2020,18110638269.2238
Zambia,ZMB,GDP (current US$),NY.GDP.MKTP.CD,2019,23308667781.2258
Zambia,ZMB,GDP (current US$),NY.GDP.MKTP.CD,2018,26311507273.6735
Zimbabwe,ZWE,GDP (current US$),NY.GDP.MKTP.CD,2022,27366627153.0852
Zimbabwe,ZWE,GDP (current US$),NY.GDP.MKTP.CD,2021,28371238665.8646
Zimbabwe,ZWE,GDP (current US$),NY.GDP.MKTP.CD,2020,21509698406.6618
Zimbabwe,ZWE,GDP (current US$),NY.GDP.MKTP.CD,2019,21832234921.1762
Zimbabwe,ZWE,GDP (current US$),NY.GDP.MKTP.CD,2018,34156069918.0609
