Country Code,Country Name,Indicator Code,Indicator Name,Value,Year
AFE,Africa Eastern and Southern,SP.POP.TOTL,"Population, total",720859132.0,2022
AFE,Africa Eastern and Southern,SP.POP.TOTL,"Population, total",702977106.0,2021
AFE,Africa Eastern and Southern,SP.POP.TOTL,"Population, total",685112979.0,2020
AFE,Africa Eastern and Southern,SP.POP.TOTL,"Population, total",667242986.0,2019
AFE,Africa Eastern and Southern,SP.POP.TOTL,"Population, total",649757148.0,2018
AFW,Africa Western and Central,SP.POP.TOTL,"Population, total",490330870.0,2022
AFW,Africa Western and Central,SP.POP.TOTL,"Population, total",478185907.0,2021
AFW,Africa Western and Central,SP.POP.TOTL,"Population, total",466189102.0,2020
AFW,Africa Western and Central,SP.POP.TOTL,"Population, total",454306063.0,2019
AFW,Africa Western and Central,SP.POP.TOTL,"Population, total",442646825.0,2018
ARB,Arab World,SP.POP.TOTL,"Population, total",464684914.0,2022
ARB,Arab World,SP.POP.TOTL,"Population, total",456520777.0,2021
ARB,Arab World,SP.POP.TOTL,"Population, total",449228296.0,2020
ARB,Arab World,SP.POP.TOTL,"Population, total",441467739.0,2019
ARB,Arab World,SP.POP.TOTL,"Population, total",432545676.0,2018
CSS,Caribbean small states,SP.POP.TOTL,"Population, total",7505478.0,2022
CSS,Caribbean small states,SP.POP.TOTL,"Population, total",7481877.0,2021
CSS,Caribbean small states,SP.POP.TOTL,"Population, total",7444768.0,2020
CSS,Caribbean small states,SP.POP.TOTL,"Population, total",7424102.0,2019
CSS,Caribbean small states,SP.POP.TOTL,"Population, total",7374650.0,2018
CEB,Central Europe and the Baltics,SP.POP.TOTL,"Population, total",100108221.0,2022
CEB,Central Europe and the Baltics,SP.POP.TOTL,"Population, total",101413176.0,2021
CEB,Central Europe and the Baltics,SP.POP.TOTL,"Population, total",102180124.0,2020
CEB,Central Europe and the Baltics,SP.POP.TOTL,"Population, total",102398537.0,2019
CEB,Central Europe and the Baltics,SP.POP.TOTL,"Population, total",102538451.0,2018
EAR,Early-demographic dividend,SP.POP.TOTL,"Population, total",3447398652.0,2022
EAR,Early-demographic dividend,SP.POP.TOTL,"Population, total",3411268373.0,2021
EAR,Early-demographic dividend,SP.POP.TOTL,"Population, total",3374383528.0,2020
EAR,Early-demographic dividend,SP.POP.TOTL,"Population, total",3334561751.0,2019
EAR,Early-demographic dividend,SP.POP.TOTL,"Population, total",3292896609.0,2018
EAS,East Asia & Pacific,SP.POP.TOTL,"Population, total",2375162207.0,2022
EAS,East Asia & Pacific,SP.POP.TOTL,"Population, total",2370189840.0,2021
EAS,East Asia & Pacific,SP.POP.TOTL,"Population, total",2363934334.0,2020
EAS,East Asia & Pacific,SP.POP.TOTL,"Population, total",2353856866.0,2019
EAS,East Asia & Pacific,SP.POP.TOTL,"Population, total",2341383691.0,2018
EAP,East Asia & Pacific (excluding high income),SP.POP.TOTL,"Population, total",2129112126.0,2022
EAP,East Asia & Pacific (excluding high income),SP.POP.TOTL,"Population, total",2123628421.0,2021
EAP,East Asia & Pacific (excluding high income),SP.POP.TOTL,"Population, total",2116378687.0,2020
EAP,East Asia & Pacific (excluding high income),SP.POP.TOTL,"Population, total",2106391925.0,2019
EAP,East Asia & Pacific (excluding high income),SP.POP.TOTL,"Population, total",2094524854.0,2018
TEA,East Asia & Pacific (IDA & IBRD countries),SP.POP.TOTL,"Population, total",2103055378.0,2022
TEA,East Asia & Pacific (IDA & IBRD countries),SP.POP.TOTL,"Population, total",2097669023.0,2021
TEA,East Asia & Pacific (IDA & IBRD countries),SP.POP.TOTL,"Population, total",2090523535.0,2020
TEA,East Asia & Pacific (IDA & IBRD countries),SP.POP.TOTL,"Population, total",2080648616.0,2019
TEA,East Asia & Pacific (IDA & IBRD countries),SP.POP.TOTL,"Population, total",2068898629.0,2018
EMU,Euro area,SP.POP.TOTL,"Population, total",348331511.0,2022
EMU,Euro area,SP.POP.TOTL,"Population, total",346942979.0,2021
EMU,Euro area,SP.POP.TOTL,"Population, total",346961127.0,2020
EMU,Euro area,SP.POP.TOTL,"Population, total",346517987.0,2019
EMU,Euro area,SP.POP.TOTL,"Population, total",346153001.0,2018
ECS,Europe & Central Asia,SP.POP.TOTL,"Population, total",920375568.0,2022
ECS,Europe & Central Asia,SP.POP.TOTL,"Population, total",923564027.0,2021
ECS,Europe & Central Asia,SP.POP.TOTL,"Population, total",922353365.0,2020
ECS,Europe & Central Asia,SP.POP.TOTL,"Population, total",920277481.0,2019
ECS,Europe & Central Asia,SP.POP.TOTL,"Population, total",917380453.0,2018
ECA,Europe & Central Asia (excluding high income),SP.POP.TOTL,"Population, total",397824705.0,2022
ECA,Europe & Central Asia (excluding high income),SP.POP.TOTL,"Population, total",401682855.0,2021
ECA,Europe & Central Asia (excluding high income),SP.POP.TOTL,"Population, total",400061023.0,2020
ECA,Europe & Central Asia (excluding high income),SP.POP.TOTL,"Population, total",398690076.0,2019
ECA,Europe & Central Asia (excluding high income),SP.POP.TOTL,"Population, total",396674671.0,2018
TEC,Europe & Central Asia (IDA & IBRD countries),SP.POP.TOTL,"Population, total",457549063.0,2022
TEC,Europe & Central Asia (IDA & IBRD countries),SP.POP.TOTL,"Population, total",462431038.0,2021
TEC,Europe & Central Asia (IDA & IBRD countries),SP.POP.TOTL,"Population, total",461273023.0,2020
TEC,Europe & Central Asia (IDA & IBRD countries),SP.POP.TOTL,"Population, total",460092452.0,2019
TEC,Europe & Central Asia (IDA & IBRD countries),SP.POP.TOTL,"Population, total",458211234.0,2018
EUU,European Union,SP.POP.TOTL,"Population, total",447370510.0,2022
EUU,European Union,SP.POP.TOTL,"Population, total",447178112.0,2021
EUU,European Union,SP.POP.TOTL,"Population, total",447692315.0,2020
EUU,European Union,SP.POP.TOTL,"Population, total",447367191.0,2019
EUU,European Union,SP.POP.TOTL,"Population, total",447001100.0,2018
FCS,Fragile and conflict affected situations,SP.POP.TOTL,"Population, total",1019139254.0,2022
FCS,Fragile and conflict affected situations,SP.POP.TOTL,"Population, total",1001844479.0,2021
FCS,Fragile and conflict affected situations,SP.POP.TOTL,"Population, total",979763631.0,2020
FCS,Fragile and conflict affected situations,SP.POP.TOTL,"Population, total",957785553.0,2019
FCS,Fragile and conflict affected situations,SP.POP.TOTL,"Population, total",936721531.0,2018
HPC,Heavily indebted poor countries (HIPC),SP.POP.TOTL,"Population, total",884288332.0,2022
HPC,Heavily indebted poor countries (HIPC),SP.POP.TOTL,"Population, total",861156745.0,2021
HPC,Heavily indebted poor countries (HIPC),SP.POP.TOTL,"Population, total",838066650.0,2020
HPC,Heavily indebted poor countries (HIPC),SP.POP.TOTL,"Population, total",815100831.0,2019
HPC,Heavily indebted poor countries (HIPC),SP.POP.TOTL,"Population, total",792615894.0,2018
,High income,SP.POP.TOTL,"Population, total",1244364814.0,2022
,High income,SP.POP.TOTL,"Population, total",1241268556.0,2021
,High income,SP.POP.TOTL,"Population, total",1241718902.0,2020
,High income,SP.POP.TOTL,"Population, total",1236709936.0,2019
,High income,SP.POP.TOTL,"Population, total",1231508785.0,2018
IBD,IBRD only,SP.POP.TOTL,"Population, total",4913887020.0,2022
IBD,IBRD only,SP.POP.TOTL,"Population, total",4895372787.0,2021
IBD,IBRD only,SP.POP.TOTL,"Population, total",4867091692.0,2020
IBD,IBRD only,SP.POP.TOTL,"Population, total",4832928887.0,2019
IBD,IBRD only,SP.POP.TOTL,"Population, total",4794555928.0,2018
IBT,IDA & IBRD total,SP.POP.TOTL,"Population, total",6754029970.0,2022
IBT,IDA & IBRD total,SP.POP.TOTL,"Population, total",6695487825.0,2021
IBT,IDA & IBRD total,SP.POP.TOTL,"Population, total",6627317499.0,2020
IBT,IDA & IBRD total,SP.POP.TOTL,"Population, total",6553978299.0,2019
IBT,IDA & IBRD total,SP.POP.TOTL,"Population, total",6477695468.0,2018
IDB,IDA blend,SP.POP.TOTL,"Population, total",607735968.0,2022
IDB,IDA blend,SP.POP.TOTL,"Population, total",595016031.0,2021
IDB,IDA blend,SP.POP.TOTL,"Population, total",582637127.0,2020
IDB,IDA blend,SP.POP.TOTL,"Population, total",570633332.0,2019
IDB,IDA blend,SP.POP.TOTL,"Population, total",559155599.0,2018
IDX,IDA only,SP.POP.TOTL,"Population, total",1232406982.0,2022
IDX,IDA only,SP.POP.TOTL,"Population, total",1205099007.0,2021
IDX,IDA only,SP.POP.TOTL,"Population, total",1177588680.0,2020
IDX,IDA only,SP.POP.TOTL,"Population, total",1150416080.0,2019
IDX,IDA only,SP.POP.TOTL,"Population, total",1123983941.0,2018
IDA,IDA total,SP.POP.TOTL,"Population, total",1840142950.0,2022
IDA,IDA total,SP.POP.TOTL,"Population, total",1800115038.0,2021
IDA,IDA total,SP.POP.TOTL,"Population, total",1760225807.0,2020
IDA,IDA total,SP.POP.TOTL,"Population, total",1721049412.0,2019
IDA,IDA total,SP.POP.TOTL,"Population, total",1683139540.0,2018
LTE,Late-demographic dividend,SP.POP.TOTL,"Population, total",2325542891.0,2022
LTE,Late-demographic dividend,SP.POP.TOTL,"Population, total",2322606486.0,2021
LTE,Late-demographic dividend,SP.POP.TOTL,"Population, total",2317277554.0,2020
LTE,Late-demographic dividend,SP.POP.TOTL,"Population, total",2309491804.0,2019
LTE,Late-demographic dividend,SP.POP.TOTL,"Population, total",2298987594.0,2018
LCN,Latin America & Caribbean,SP.POP.TOTL,"Population, total",659310564.0,2022
LCN,Latin America & Caribbean,SP.POP.TOTL,"Population, total",654980630.0,2021
LCN,Latin America & Caribbean,SP.POP.TOTL,"Population, total",650534986.0,2020
LCN,Latin America & Caribbean,SP.POP.TOTL,"Population, total",645295804.0,2019
LCN,Latin America & Caribbean,SP.POP.TOTL,"Population, total",639628226.0,2018
LAC,Latin America & Caribbean (excluding high income),SP.POP.TOTL,"Population, total",596596955.0,2022
LAC,Latin America & Caribbean (excluding high income),SP.POP.TOTL,"Population, total",592503434.0,2021
LAC,Latin America & Caribbean (excluding high income),SP.POP.TOTL,"Population, total",588011178.0,2020
LAC,Latin America & Caribbean (excluding high income),SP.POP.TOTL,"Population, total",582701622.0,2019
LAC,Latin America & Caribbean (excluding high income),SP.POP.TOTL,"Population, total",576620516.0,2018
TLA,Latin America & the Caribbean (IDA & IBRD countries),SP.POP.TOTL,"Population, total",643602758.0,2022
TLA,Latin America & the Caribbean (IDA & IBRD countries),SP.POP.TOTL,"Population, total",639188695.0,2021
TLA,Latin America & the Caribbean (IDA & IBRD countries),SP.POP.TOTL,"Population, total",634680385.0,2020
TLA,Latin America & the Caribbean (IDA & IBRD countries),SP.POP.TOTL,"Population, total",629515571.0,2019
TLA,Latin America & the Caribbean (IDA & IBRD countries),SP.POP.TOTL,"Population, total",623841282.0,2018
LDC,Least developed countries: UN classification,SP.POP.TOTL,"Population, total",1124396999.0,2022
LDC,Least developed countries: UN classification,SP.POP.TOTL,"Population, total",1098791080.0,2021
LDC,Least developed countries: UN classification,SP.POP.TOTL,"Population, total",1072970944.0,2020
LDC,Least developed countries: UN classification,SP.POP.TOTL,"Population, total",1047426093.0,2019
LDC,Least developed countries: UN classification,SP.POP.TOTL,"Population, total",1022731692.0,2018
LMY,Low & middle income,SP.POP.TOTL,"Population, total",6678280291.0,2022
LMY,Low & middle income,SP.POP.TOTL,"Population, total",6618837270.0,2021
LMY,Low & middle income,SP.POP.TOTL,"Population, total",6549996251.0,2020
LMY,Low & middle income,SP.POP.TOTL,"Population, total",6476092964.0,2019
LMY,Low & middle income,SP.POP.TOTL,"Population, total",6399036689.0,2018
,Low income,SP.POP.TOTL,"Population, total",703727949.0,2022
,Low income,SP.POP.TOTL,"Population, total",685250041.0,2021
,Low income,SP.POP.TOTL,"Population, total",667053670.0,2020
,Low income,SP.POP.TOTL,"Population, total",648755452.0,2019
,Low income,SP.POP.TOTL,"Population, total",630865826.0,2018
,Lower middle income,SP.POP.TOTL,"Population, total",3190184199.0,2022
,Lower middle income,SP.POP.TOTL,"Population, total",3157462375.0,2021
,Lower middle income,SP.POP.TOTL,"Population, total",3117225754.0,2020
,Lower middle income,SP.POP.TOTL,"Population, total",3075311775.0,2019
,Lower middle income,SP.POP.TOTL,"Population, total",3033153113.0,2018
MEA,Middle East & North Africa,SP.POP.TOTL,"Population, total",493279469.0,2022
MEA,Middle East & North Africa,SP.POP.TOTL,"Population, total",486174763.0,2021
MEA,Middle East & North Africa,SP.POP.TOTL,"Population, total",479966649.0,2020
MEA,Middle East & North Africa,SP.POP.TOTL,"Population, total",473201775.0,2019
MEA,Middle East & North Africa,SP.POP.TOTL,"Population, total",465073490.0,2018
MNA,Middle East & North Africa (excluding high income),SP.POP.TOTL,"Population, total",424328381.0,2022
MNA,Middle East & North Africa (excluding high income),SP.POP.TOTL,"Population, total",418047201.0,2021
MNA,Middle East & North Africa (excluding high income),SP.POP.TOTL,"Population, total",411810124.0,2020
MNA,Middle East & North Africa (excluding high income),SP.POP.TOTL,"Population, total",405259403.0,2019
MNA,Middle East & North Africa (excluding high income),SP.POP.TOTL,"Population, total",398375344.0,2018
TMN,Middle East & North Africa (IDA & IBRD countries),SP.POP.TOTL,"Population, total",419284769.0,2022
TMN,Middle East & North Africa (IDA & IBRD countries),SP.POP.TOTL,"Population, total",413124452.0,2021
TMN,Middle East & North Africa (IDA & IBRD countries),SP.POP.TOTL,"Population, total",407006855.0,2020
TMN,Middle East & North Africa (IDA & IBRD countries),SP.POP.TOTL,"Population, total",400574097.0,2019
TMN,Middle East & North Africa (IDA & IBRD countries),SP.POP.TOTL,"Population, total",393806257.0,2018
MIC,Middle income,SP.POP.TOTL,"Population, total",5974552342.0,2022
MIC,Middle income,SP.POP.TOTL,"Population, total",5933587229.0,2021
MIC,Middle income,SP.POP.TOTL,"Population, total",5882942581.0,2020
MIC,Middle income,SP.POP.TOTL,"Population, total",5827337512.0,2019
MIC,Middle income,SP.POP.TOTL,"Population, total",5768170863.0,2018
NAC,North America,SP.POP.TOTL,"Population, total",372280991.0,2022
NAC,North America,SP.POP.TOTL,"Population, total",370321816.0,2021
NAC,North America,SP.POP.TOTL,"Population, total",369582571.0,2020
NAC,North America,SP.POP.TOTL,"Population, total",365995094.0,2019
NAC,North America,SP.POP.TOTL,"Population, total",363967201.0,2018
,Not classified,SP.POP.TOTL,"Population, total",,2022
,Not classified,SP.POP.TOTL,"Population, total",,2021
,Not classified,SP.POP.TOTL,"Population, total",,2020
,Not classified,SP.POP.TOTL,"Population, total",,2019
,Not classified,SP.POP.TOTL,"Population, total",,2018
OED,OECD members,SP.POP.TOTL,"Population, total",1376606817.0,2022
OED,OECD members,SP.POP.TOTL,"Population, total",1371917156.0,2021
OED,OECD members,SP.POP.TOTL,"Population, total",1369465369.0,2020
OED,OECD members,SP.POP.TOTL,"Population, total",1362014902.0,2019
OED,OECD members,SP.POP.TOTL,"Population, total",1354836308.0,2018
OSS,Other small states,SP.POP.TOTL,"Population, total",33169026.0,2022
OSS,Other small states,SP.POP.TOTL,"Population, total",32708277.0,2021
OSS,Other small states,SP.POP.TOTL,"Population, total",32381464.0,2020
OSS,Other small states,SP.POP.TOTL,"Population, total",32005477.0,2019
OSS,Other small states,SP.POP.TOTL,"Population, total",31494491.0,2018
PSS,Pacific island small states,SP.POP.TOTL,"Population, total",2639019.0,2022
PSS,Pacific island small states,SP.POP.TOTL,"Population, total",2602173.0,2021
PSS,Pacific island small states,SP.POP.TOTL,"Population, total",2566819.0,2020
PSS,Pacific island small states,SP.POP.TOTL,"Population, total",2536070.0,2019
PSS,Pacific island small states,SP.POP.TOTL,"Population, total",2510226.0,2018
PST,Post-demographic dividend,SP.POP.TOTL,"Population, total",1113495082.0,2022
PST,Post-demographic dividend,SP.POP.TOTL,"Population, total",1116569892.0,2021
PST,Post-demographic dividend,SP.POP.TOTL,"Population, total",1117418072.0,2020
PST,Post-demographic dividend,SP.POP.TOTL,"Population, total",1113305347.0,2019
PST,Post-demographic dividend,SP.POP.TOTL,"Population, total",1110123356.0,2018
PRE,Pre-demographic dividend,SP.POP.TOTL,"Population, total",1038012552.0,2022
PRE,Pre-demographic dividend,SP.POP.TOTL,"Population, total",1011043183.0,2021
PRE,Pre-demographic dividend,SP.POP.TOTL,"Population, total",984213438.0,2020
PRE,Pre-demographic dividend,SP.POP.TOTL,"Population, total",957503246.0,2019
PRE,Pre-demographic dividend,SP.POP.TOTL,"Population, total",931467165.0,2018
SST,Small states,SP.POP.TOTL,"Population, total",43313523.0,2022
SST,Small states,SP.POP.TOTL,"Population, total",42792327.0,2021
SST,Small states,SP.POP.TOTL,"Population, total",42393051.0,2020
SST,Small states,SP.POP.TOTL,"Population, total",41965649.0,2019
SST,Small states,SP.POP.TOTL,"Population, total",41379367.0,2018
SAS,South Asia,SP.POP.TOTL,"Population, total",1919348000.0,2022
SAS,South Asia,SP.POP.TOTL,"Population, total",1901911604.0,2021
SAS,South Asia,SP.POP.TOTL,"Population, total",1882531620.0,2020
SAS,South Asia,SP.POP.TOTL,"Population, total",1861598514.0,2019
SAS,South Asia,SP.POP.TOTL,"Population, total",1840534093.0,2018
TSA,South Asia (IDA & IBRD),SP.POP.TOTL,"Population, total",1919348000.0,2022
TSA,South Asia (IDA & IBRD),SP.POP.TOTL,"Population, total",1901911604.0,2021
TSA,South Asia (IDA & IBRD),SP.POP.TOTL,"Population, total",1882531620.0,2020
TSA,South Asia (IDA & IBRD),SP.POP.TOTL,"Population, total",1861598514.0,2019
TSA,South Asia (IDA & IBRD),SP.POP.TOTL,"Population, total",1840534093.0,2018
SSF,Sub-Saharan Africa,SP.POP.TOTL,"Population, total",1211190002.0,2022
SSF,Sub-Saharan Africa,SP.POP.TOTL,"Population, total",1181163013.0,2021
SSF,Sub-Saharan Africa,SP.POP.TOTL,"Population, total",1151302081.0,2020
SSF,Sub-Saharan Africa,SP.POP.TOTL,"Population, total",1121549049.0,2019
SSF,Sub-Saharan Africa,SP.POP.TOTL,"Population, total",1092403973.0,2018
SSA,Sub-Saharan Africa (excluding high income),SP.POP.TOTL,"Population, total",1211070124.0,2022
SSA,Sub-Saharan Africa (excluding high income),SP.POP.TOTL,"Population, total",1181063755.0,2021
SSA,Sub-Saharan Africa (excluding high income),SP.POP.TOTL,"Population, total",1151203619.0,2020
SSA,Sub-Saharan Africa (excluding high income),SP.POP.TOTL,"Population, total",1121451424.0,2019
SSA,Sub-Saharan Africa (excluding high income),SP.POP.TOTL,"Population, total",1092307211.0,2018
TSS,Sub-Saharan Africa (IDA & IBRD countries),SP.POP.TOTL,"Population, total",1211190002.0,2022
TSS,Sub-Saharan Africa (IDA & IBRD countries),SP.POP.TOTL,"Population, total",1181163013.0,2021
TSS,Sub-Saharan Africa (IDA & IBRD countries),SP.POP.TOTL,"Population, total",1151302081.0,2020
TSS,Sub-Saharan Africa (IDA & IBRD countries),SP.POP.TOTL,"Population, total",1121549049.0,2019
TSS,Sub-Saharan Africa (IDA & IBRD countries),SP.POP.TOTL,"Population, total",1092403973.0,2018
,Upper middle income,SP.POP.TOTL,"Population, total",2784368143.0,2022
,Upper middle income,SP.POP.TOTL,"Population, total",2776124854.0,2021
,Upper middle income,SP.POP.TOTL,"Population, total",2765716827.0,2020
,Upper middle income,SP.POP.TOTL,"Population, total",2752025737.0,2019
,Upper middle income,SP.POP.TOTL,"Population, total",2735017750.0,2018
WLD,World,SP.POP.TOTL,"Population, total",7950946801.0,2022
WLD,World,SP.POP.TOTL,"Population, total",7888305693.0,2021
WLD,World,SP.POP.TOTL,"Population, total",7820205606.0,2020
WLD,World,SP.POP.TOTL,"Population, total",7741774583.0,2019
WLD,World,SP.POP.TOTL,"Population, total",7660371127.0,2018
AFG,Afghanistan,SP.POP.TOTL,"Population, total",41128771.0,2022
AFG,Afghanistan,SP.POP.TOTL,"Population, total",40099462.0,2021
AFG,Afghanistan,SP.POP.TOTL,"Population, total",38972230.0,2020
AFG,Afghanistan,SP.POP.TOTL,"Population, total",37769499.0,2019
AFG,Afghanistan,SP.POP.TOTL,"Population, total",36686784.0,2018
ALB,Albania,SP.POP.TOTL,"Population, total",2777689.0,2022
ALB,Albania,SP.POP.TOTL,"Population, total",2811666.0,2021
ALB,Albania,SP.POP.TOTL,"Population, total",2837849.0,2020
ALB,Albania,SP.POP.TOTL,"Population, total",2854191.0,2019
ALB,Albania,SP.POP.TOTL,"Population, total",2866376.0,2018
DZA,Algeria,SP.POP.TOTL,"Population, total",44903225.0,2022
DZA,Algeria,SP.POP.TOTL,"Population, total",44177969.0,2021
DZA,Algeria,SP.POP.TOTL,"Population, total",43451666.0,2020
DZA,Algeria,SP.POP.TOTL,"Population, total",42705368.0,2019
DZA,Algeria,SP.POP.TOTL,"Population, total",41927007.0,2018
ASM,American Samoa,SP.POP.TOTL,"Population, total",44273.0,2022
ASM,American Samoa,SP.POP.TOTL,"Population, total",45035.0,2021
ASM,American Samoa,SP.POP.TOTL,"Population, total",46189.0,2020
ASM,American Samoa,SP.POP.TOTL,"Population, total",47321.0,2019
ASM,American Samoa,SP.POP.TOTL,"Population, total",48424.0,2018
AND,Andorra,SP.POP.TOTL,"Population, total",79824.0,2022
AND,Andorra,SP.POP.TOTL,"Population, total",79034.0,2021
AND,Andorra,SP.POP.TOTL,"Population, total",77700.0,2020
AND,Andorra,SP.POP.TOTL,"Population, total",76343.0,2019
AND,Andorra,SP.POP.TOTL,"Population, total",75013.0,2018
AGO,Angola,SP.POP.TOTL,"Population, total",35588987.0,2022
AGO,Angola,SP.POP.TOTL,"Population, total",34503774.0,2021
AGO,Angola,SP.POP.TOTL,"Population, total",33428486.0,2020
AGO,Angola,SP.POP.TOTL,"Population, total",32353588.0,2019
AGO,Angola,SP.POP.TOTL,"Population, total",31273533.0,2018
ATG,Antigua and Barbuda,SP.POP.TOTL,"Population, total",93763.0,2022
ATG,Antigua and Barbuda,SP.POP.TOTL,"Population, total",93219.0,2021
ATG,Antigua and Barbuda,SP.POP.TOTL,"Population, total",92664.0,2020
ATG,Antigua and Barbuda,SP.POP.TOTL,"Population, total",92117.0,2019
ATG,Antigua and Barbuda,SP.POP.TOTL,"Population, total",91626.0,2018
ARG,Argentina,SP.POP.TOTL,"Population, total",46234830.0,2022
ARG,Argentina,SP.POP.TOTL,"Population, total",45808747.0,2021
ARG,Argentina,SP.POP.TOTL,"Population, total",45376763.0,2020
ARG,Argentina,SP.POP.TOTL,"Population, total",44938712.0,2019
ARG,Argentina,SP.POP.TOTL,"Population, total",44494502.0,2018
ARM,Armenia,SP.POP.TOTL,"Population, total",2780469.0,2022
ARM,Armenia,SP.POP.TOTL,"Population, total",2790974.0,2021
ARM,Armenia,SP.POP.TOTL,"Population, total",2805608.0,2020
ARM,Armenia,SP.POP.TOTL,"Population, total",2820602.0,2019
ARM,Armenia,SP.POP.TOTL,"Population, total",2836557.0,2018
ABW,Aruba,SP.POP.TOTL,"Population, total",106445.0,2022
ABW,Aruba,SP.POP.TOTL,"Population, total",106537.0,2021
ABW,Aruba,SP.POP.TOTL,"Population, total",106585.0,2020
ABW,Aruba,SP.POP.TOTL,"Population, total",106442.0,2019
ABW,Aruba,SP.POP.TOTL,"Population, total",105962.0,2018
AUS,Australia,SP.POP.TOTL,"Population, total",26005540.0,2022
AUS,Australia,SP.POP.TOTL,"Population, total",25685412.0,2021
AUS,Australia,SP.POP.TOTL,"Population, total",25649248.0,2020
AUS,Australia,SP.POP.TOTL,"Population, total",25334826.0,2019
AUS,Australia,SP.POP.TOTL,"Population, total",24963258.0,2018
AUT,Austria,SP.POP.TOTL,"Population, total",9041851.0,2022
AUT,Austria,SP.POP.TOTL,"Population, total",8955797.0,2021
AUT,Austria,SP.POP.TOTL,"Population, total",8916864.0,2020
AUT,Austria,SP.POP.TOTL,"Population, total",8879920.0,2019
AUT,Austria,SP.POP.TOTL,"Population, total",8840521.0,2018
AZE,Azerbaijan,SP.POP.TOTL,"Population, total",10141756.0,2022
AZE,Azerbaijan,SP.POP.TOTL,"Population, total",10137750.0,2021
AZE,Azerbaijan,SP.POP.TOTL,"Population, total",10093121.0,2020
AZE,Azerbaijan,SP.POP.TOTL,"Population, total",10024283.0,2019
AZE,Azerbaijan,SP.POP.TOTL,"Population, total",9939771.0,2018
BHS,"Bahamas, The",SP.POP.TOTL,"Population, total",409984.0,2022
BHS,"Bahamas, The",SP.POP.TOTL,"Population, total",407906.0,2021
BHS,"Bahamas, The",SP.POP.TOTL,"Population, total",406471.0,2020
BHS,"Bahamas, The",SP.POP.TOTL,"Population, total",404557.0,2019
BHS,"Bahamas, The",SP.POP.TOTL,"Population, total",401906.0,2018
BHR,Bahrain,SP.POP.TOTL,"Population, total",1472233.0,2022
BHR,Bahrain,SP.POP.TOTL,"Population, total",1463265.0,2021
BHR,Bahrain,SP.POP.TOTL,"Population, total",1477469.0,2020
BHR,Bahrain,SP.POP.TOTL,"Population, total",1494188.0,2019
BHR,Bahrain,SP.POP.TOTL,"Population, total",1487340.0,2018
BGD,Bangladesh,SP.POP.TOTL,"Population, total",171186372.0,2022
BGD,Bangladesh,SP.POP.TOTL,"Population, total",169356251.0,2021
BGD,Bangladesh,SP.POP.TOTL,"Population, total",167420951.0,2020
BGD,Bangladesh,SP.POP.TOTL,"Population, total",165516222.0,2019
BGD,Bangladesh,SP.POP.TOTL,"Population, total",163683958.0,2018
BRB,Barbados,SP.POP.TOTL,"Population, total",281635.0,2022
BRB,Barbados,SP.POP.TOTL,"Population, total",281200.0,2021
BRB,Barbados,SP.POP.TOTL,"Population, total",280693.0,2020
BRB,Barbados,SP.POP.TOTL,"Population, total",280180.0,2019
BRB,Barbados,SP.POP.TOTL,"Population, total",279688.0,2018
BLR,Belarus,SP.POP.TOTL,"Population, total",9228071.0,2022
BLR,Belarus,SP.POP.TOTL,"Population, total",9302585.0,2021
BLR,Belarus,SP.POP.TOTL,"Population, total",9379952.0,2020
BLR,Belarus,SP.POP.TOTL,"Population, total",9419758.0,2019
BLR,Belarus,SP.POP.TOTL,"Population, total",9438785.0,2018
BEL,Belgium,SP.POP.TOTL,"Population, total",11685814.0,2022
BEL,Belgium,SP.POP.TOTL,"Population, total",11586195.0,2021
BEL,Belgium,SP.POP.TOTL,"Population, total",11538604.0,2020
BEL,Belgium,SP.POP.TOTL,"Population, total",11488980.0,2019
BEL,Belgium,SP.POP.TOTL,"Population, total",11427054.0,2018
BLZ,Belize,SP.POP.TOTL,"Population, total",405272.0,2022
BLZ,Belize,SP.POP.TOTL,"Population, total",400031.0,2021
BLZ,Belize,SP.POP.TOTL,"Population, total",394921.0,2020
BLZ,Belize,SP.POP.TOTL,"Population, total",389095.0,2019
BLZ,Belize,SP.POP.TOTL,"Population, total",382066.0,2018
BEN,Benin,SP.POP.TOTL,"Population, total",13352864.0,2022
BEN,Benin,SP.POP.TOTL,"Population, total",12996895.0,2021
BEN,Benin,SP.POP.TOTL,"Population, total",12643123.0,2020
BEN,Benin,SP.POP.TOTL,"Population, total",12290444.0,2019
BEN,Benin,SP.POP.TOTL,"Population, total",11940683.0,2018
BMU,Bermuda,SP.POP.TOTL,"Population, total",63532.0,2022
BMU,Bermuda,SP.POP.TOTL,"Population, total",63764.0,2021
BMU,Bermuda,SP.POP.TOTL,"Population, total",63893.0,2020
BMU,Bermuda,SP.POP.TOTL,"Population, total",63911.0,2019
BMU,Bermuda,SP.POP.TOTL,"Population, total",63918.0,2018
BTN,Bhutan,SP.POP.TOTL,"Population, total",782455.0,2022
BTN,Bhutan,SP.POP.TOTL,"Population, total",777486.0,2021
BTN,Bhutan,SP.POP.TOTL,"Population, total",772506.0,2020
BTN,Bhutan,SP.POP.TOTL,"Population, total",767459.0,2019
BTN,Bhutan,SP.POP.TOTL,"Population, total",762096.0,2018
BOL,Bolivia,SP.POP.TOTL,"Population, total",12224110.0,2022
BOL,Bolivia,SP.POP.TOTL,"Population, total",12079472.0,2021
BOL,Bolivia,SP.POP.TOTL,"Population, total",11936162.0,2020
BOL,Bolivia,SP.POP.TOTL,"Population, total",11777315.0,2019
BOL,Bolivia,SP.POP.TOTL,"Population, total",11606905.0,2018
BIH,Bosnia and Herzegovina,SP.POP.TOTL,"Population, total",3233526.0,2022
BIH,Bosnia and Herzegovina,SP.POP.TOTL,"Population, total",3270943.0,2021
BIH,Bosnia and Herzegovina,SP.POP.TOTL,"Population, total",3318407.0,2020
BIH,Bosnia and Herzegovina,SP.POP.TOTL,"Population, total",3360711.0,2019
BIH,Bosnia and Herzegovina,SP.POP.TOTL,"Population, total",3400129.0,2018
BWA,Botswana,SP.POP.TOTL,"Population, total",2630296.0,2022
BWA,Botswana,SP.POP.TOTL,"Population, total",2588423.0,2021
BWA,Botswana,SP.POP.TOTL,"Population, total",2546402.0,2020
BWA,Botswana,SP.POP.TOTL,"Population, total",2499702.0,2019
BWA,Botswana,SP.POP.TOTL,"Population, total",2451409.0,2018
BRA,Brazil,SP.POP.TOTL,"Population, total",215313498.0,2022
BRA,Brazil,SP.POP.TOTL,"Population, total",214326223.0,2021
BRA,Brazil,SP.POP.TOTL,"Population, total",213196304.0,2020
BRA,Brazil,SP.POP.TOTL,"Population, total",211782878.0,2019
BRA,Brazil,SP.POP.TOTL,"Population, total",210166592.0,2018
VGB,British Virgin Islands,SP.POP.TOTL,"Population, total",31305.0,2022
VGB,British Virgin Islands,SP.POP.TOTL,"Population, total",31122.0,2021
VGB,British Virgin Islands,SP.POP.TOTL,"Population, total",30910.0,2020
VGB,British Virgin Islands,SP.POP.TOTL,"Population, total",30610.0,2019
VGB,British Virgin Islands,SP.POP.TOTL,"Population, total",30335.0,2018
BRN,Brunei Darussalam,SP.POP.TOTL,"Population, total",449002.0,2022
BRN,Brunei Darussalam,SP.POP.TOTL,"Population, total",445373.0,2021
BRN,Brunei Darussalam,SP.POP.TOTL,"Population, total",441725.0,2020
BRN,Brunei Darussalam,SP.POP.TOTL,"Population, total",438048.0,2019
BRN,Brunei Darussalam,SP.POP.TOTL,"Population, total",434274.0,2018
BGR,Bulgaria,SP.POP.TOTL,"Population, total",6465097.0,2022
BGR,Bulgaria,SP.POP.TOTL,"Population, total",6877743.0,2021
BGR,Bulgaria,SP.POP.TOTL,"Population, total",6934015.0,2020
BGR,Bulgaria,SP.POP.TOTL,"Population, total",6975761.0,2019
BGR,Bulgaria,SP.POP.TOTL,"Population, total",7025037.0,2018
BFA,Burkina Faso,SP.POP.TOTL,"Population, total",22673762.0,2022
BFA,Burkina Faso,SP.POP.TOTL,"Population, total",22100683.0,2021
BFA,Burkina Faso,SP.POP.TOTL,"Population, total",21522626.0,2020
BFA,Burkina Faso,SP.POP.TOTL,"Population, total",20951639.0,2019
BFA,Burkina Faso,SP.POP.TOTL,"Population, total",20392723.0,2018
BDI,Burundi,SP.POP.TOTL,"Population, total",12889576.0,2022
BDI,Burundi,SP.POP.TOTL,"Population, total",12551213.0,2021
BDI,Burundi,SP.POP.TOTL,"Population, total",12220227.0,2020
BDI,Burundi,SP.POP.TOTL,"Population, total",11874838.0,2019
BDI,Burundi,SP.POP.TOTL,"Population, total",11493472.0,2018
CPV,Cabo Verde,SP.POP.TOTL,"Population, total",593149.0,2022
CPV,Cabo Verde,SP.POP.TOTL,"Population, total",587925.0,2021
CPV,Cabo Verde,SP.POP.TOTL,"Population, total",582640.0,2020
CPV,Cabo Verde,SP.POP.TOTL,"Population, total",577030.0,2019
CPV,Cabo Verde,SP.POP.TOTL,"Population, total",571202.0,2018
KHM,Cambodia,SP.POP.TOTL,"Population, total",16767842.0,2022
KHM,Cambodia,SP.POP.TOTL,"Population, total",16589023.0,2021
KHM,Cambodia,SP.POP.TOTL,"Population, total",16396860.0,2020
KHM,Cambodia,SP.POP.TOTL,"Population, total",16207746.0,2019
KHM,Cambodia,SP.POP.TOTL,"Population, total",16025238.0,2018
CMR,Cameroon,SP.POP.TOTL,"Population, total",27914536.0,2022
CMR,Cameroon,SP.POP.TOTL,"Population, total",27198628.0,2021
CMR,Cameroon,SP.POP.TOTL,"Population, total",26491087.0,2020
CMR,Cameroon,SP.POP.TOTL,"Population, total",25782341.0,2019
CMR,Cameroon,SP.POP.TOTL,"Population, total",25076747.0,2018
CAN,Canada,SP.POP.TOTL,"Population, total",38929902.0,2022
CAN,Canada,SP.POP.TOTL,"Population, total",38226498.0,2021
CAN,Canada,SP.POP.TOTL,"Population, total",38007166.0,2020
CAN,Canada,SP.POP.TOTL,"Population, total",37601230.0,2019
CAN,Canada,SP.POP.TOTL,"Population, total",37065084.0,2018
CYM,Cayman Islands,SP.POP.TOTL,"Population, total",68706.0,2022
CYM,Cayman Islands,SP.POP.TOTL,"Population, total",68136.0,2021
CYM,Cayman Islands,SP.POP.TOTL,"Population, total",67311.0,2020
CYM,Cayman Islands,SP.POP.TOTL,"Population, total",66134.0,2019
CYM,Cayman Islands,SP.POP.TOTL,"Population, total",64884.0,2018
CAF,Central African Republic,SP.POP.TOTL,"Population, total",5579144.0,2022
CAF,Central African Republic,SP.POP.TOTL,"Population, total",5457154.0,2021
CAF,Central African Republic,SP.POP.TOTL,"Population, total",5343020.0,2020
CAF,Central African Republic,SP.POP.TOTL,"Population, total",5209324.0,2019
CAF,Central African Republic,SP.POP.TOTL,"Population, total",5094780.0,2018
TCD,Chad,SP.POP.TOTL,"Population, total",17723315.0,2022
TCD,Chad,SP.POP.TOTL,"Population, total",17179740.0,2021
TCD,Chad,SP.POP.TOTL,"Population, total",16644701.0,2020
TCD,Chad,SP.POP.TOTL,"Population, total",16126866.0,2019
TCD,Chad,SP.POP.TOTL,"Population, total",15604210.0,2018
CHI,Channel Islands,SP.POP.TOTL,"Population, total",174079.0,2022
CHI,Channel Islands,SP.POP.TOTL,"Population, total",172683.0,2021
CHI,Channel Islands,SP.POP.TOTL,"Population, total",171113.0,2020
CHI,Channel Islands,SP.POP.TOTL,"Population, total",169410.0,2019
CHI,Channel Islands,SP.POP.TOTL,"Population, total",167259.0,2018
CHL,Chile,SP.POP.TOTL,"Population, total",19603733.0,2022
CHL,Chile,SP.POP.TOTL,"Population, total",19493184.0,2021
CHL,Chile,SP.POP.TOTL,"Population, total",19300315.0,2020
CHL,Chile,SP.POP.TOTL,"Population, total",19039485.0,2019
CHL,Chile,SP.POP.TOTL,"Population, total",18701450.0,2018
CHN,China,SP.POP.TOTL,"Population, total",1412175000.0,2022
CHN,China,SP.POP.TOTL,"Population, total",1412360000.0,2021
CHN,China,SP.POP.TOTL,"Population, total",1411100000.0,2020
CHN,China,SP.POP.TOTL,"Population, total",1407745000.0,2019
CHN,China,SP.POP.TOTL,"Population, total",1402760000.0,2018
COL,Colombia,SP.POP.TOTL,"Population, total",51874024.0,2022
COL,Colombia,SP.POP.TOTL,"Population, total",51516562.0,2021
COL,Colombia,SP.POP.TOTL,"Population, total",50930662.0,2020
COL,Colombia,SP.POP.TOTL,"Population, total",50187406.0,2019
COL,Colombia,SP.POP.TOTL,"Population, total",49276961.0,2018
COM,Comoros,SP.POP.TOTL,"Population, total",836774.0,2022
COM,Comoros,SP.POP.TOTL,"Population, total",821625.0,2021
COM,Comoros,SP.POP.TOTL,"Population, total",806166.0,2020
COM,Comoros,SP.POP.TOTL,"Population, total",790986.0,2019
COM,Comoros,SP.POP.TOTL,"Population, total",776313.0,2018
COD,"Congo, Dem. Rep.",SP.POP.TOTL,"Population, total",99010212.0,2022
COD,"Congo, Dem. Rep.",SP.POP.TOTL,"Population, total",95894118.0,2021
COD,"Congo, Dem. Rep.",SP.POP.TOTL,"Population, total",92853164.0,2020
COD,"Congo, Dem. Rep.",SP.POP.TOTL,"Population, total",89906890.0,2019
COD,"Congo, Dem. Rep.",SP.POP.TOTL,"Population, total",87087355.0,2018
COG,"Congo, Rep.",SP.POP.TOTL,"Population, total",5970424.0,2022
COG,"Congo, Rep.",SP.POP.TOTL,"Population, total",5835806.0,2021
COG,"Congo, Rep.",SP.POP.TOTL,"Population, total",5702174.0,2020
COG,"Congo, Rep.",SP.POP.TOTL,"Population, total",5570733.0,2019
COG,"Congo, Rep.",SP.POP.TOTL,"Population, total",5441062.0,2018
CRI,Costa Rica,SP.POP.TOTL,"Population, total",5180829.0,2022
CRI,Costa Rica,SP.POP.TOTL,"Population, total",5153957.0,2021
CRI,Costa Rica,SP.POP.TOTL,"Population, total",5123105.0,2020
CRI,Costa Rica,SP.POP.TOTL,"Population, total",5084532.0,2019
CRI,Costa Rica,SP.POP.TOTL,"Population, total",5040734.0,2018
CIV,Cote d'Ivoire,SP.POP.TOTL,"Population, total",28160542.0,2022
CIV,Cote d'Ivoire,SP.POP.TOTL,"Population, total",27478249.0,2021
CIV,Cote d'Ivoire,SP.POP.TOTL,"Population, total",26811790.0,2020
CIV,Cote d'Ivoire,SP.POP.TOTL,"Population, total",26147551.0,2019
CIV,Cote d'Ivoire,SP.POP.TOTL,"Population, total",25493988.0,2018
HRV,Croatia,SP.POP.TOTL,"Population, total",3855600.0,2022
HRV,Croatia,SP.POP.TOTL,"Population, total",3879000.0,2021
HRV,Croatia,SP.POP.TOTL,"Population, total",4047680.0,2020
HRV,Croatia,SP.POP.TOTL,"Population, total",4065253.0,2019
HRV,Croatia,SP.POP.TOTL,"Population, total",4087843.0,2018
CUB,Cuba,SP.POP.TOTL,"Population, total",11212191.0,2022
CUB,Cuba,SP.POP.TOTL,"Population, total",11256372.0,2021
CUB,Cuba,SP.POP.TOTL,"Population, total",11300698.0,2020
CUB,Cuba,SP.POP.TOTL,"Population, total",11316697.0,2019
CUB,Cuba,SP.POP.TOTL,"Population, total",11328244.0,2018
CUW,Curacao,SP.POP.TOTL,"Population, total",149996.0,2022
CUW,Curacao,SP.POP.TOTL,"Population, total",152369.0,2021
CUW,Curacao,SP.POP.TOTL,"Population, total",154947.0,2020
CUW,Curacao,SP.POP.TOTL,"Population, total",157441.0,2019
CUW,Curacao,SP.POP.TOTL,"Population, total",159336.0,2018
CYP,Cyprus,SP.POP.TOTL,"Population, total",1251488.0,2022
CYP,Cyprus,SP.POP.TOTL,"Population, total",1244188.0,2021
CYP,Cyprus,SP.POP.TOTL,"Population, total",1237537.0,2020
CYP,Cyprus,SP.POP.TOTL,"Population, total",1228836.0,2019
CYP,Cyprus,SP.POP.TOTL,"Population, total",1218831.0,2018
CZE,Czechia,SP.POP.TOTL,"Population, total",10672118.0,2022
CZE,Czechia,SP.POP.TOTL,"Population, total",10505772.0,2021
CZE,Czechia,SP.POP.TOTL,"Population, total",10697858.0,2020
CZE,Czechia,SP.POP.TOTL,"Population, total",10671870.0,2019
CZE,Czechia,SP.POP.TOTL,"Population, total",10629928.0,2018
DNK,Denmark,SP.POP.TOTL,"Population, total",5903037.0,2022
DNK,Denmark,SP.POP.TOTL,"Population, total",5856733.0,2021
DNK,Denmark,SP.POP.TOTL,"Population, total",5831404.0,2020
DNK,Denmark,SP.POP.TOTL,"Population, total",5814422.0,2019
DNK,Denmark,SP.POP.TOTL,"Population, total",5793636.0,2018
DJI,Djibouti,SP.POP.TOTL,"Population, total",1120849.0,2022
DJI,Djibouti,SP.POP.TOTL,"Population, total",1105557.0,2021
DJI,Djibouti,SP.POP.TOTL,"Population, total",1090156.0,2020
DJI,Djibouti,SP.POP.TOTL,"Population, total",1073994.0,2019
DJI,Djibouti,SP.POP.TOTL,"Population, total",1057198.0,2018
DMA,Dominica,SP.POP.TOTL,"Population, total",72737.0,2022
DMA,Dominica,SP.POP.TOTL,"Population, total",72412.0,2021
DMA,Dominica,SP.POP.TOTL,"Population, total",71995.0,2020
DMA,Dominica,SP.POP.TOTL,"Population, total",71428.0,2019
DMA,Dominica,SP.POP.TOTL,"Population, total",70823.0,2018
DOM,Dominican Republic,SP.POP.TOTL,"Population, total",11228821.0,2022
DOM,Dominican Republic,SP.POP.TOTL,"Population, total",11117873.0,2021
DOM,Dominican Republic,SP.POP.TOTL,"Population, total",10999664.0,2020
DOM,Dominican Republic,SP.POP.TOTL,"Population, total",10881882.0,2019
DOM,Dominican Republic,SP.POP.TOTL,"Population, total",10765531.0,2018
ECU,Ecuador,SP.POP.TOTL,"Population, total",18001000.0,2022
ECU,Ecuador,SP.POP.TOTL,"Population, total",17797737.0,2021
ECU,Ecuador,SP.POP.TOTL,"Population, total",17588595.0,2020
ECU,Ecuador,SP.POP.TOTL,"Population, total",17343740.0,2019
ECU,Ecuador,SP.POP.TOTL,"Population, total",17015672.0,2018
EGY,"Egypt, Arab Rep.",SP.POP.TOTL,"Population, total",110990103.0,2022
EGY,"Egypt, Arab Rep.",SP.POP.TOTL,"Population, total",109262178.0,2021
EGY,"Egypt, Arab Rep.",SP.POP.TOTL,"Population, total",107465134.0,2020
EGY,"Egypt, Arab Rep.",SP.POP.TOTL,"Population, total",105618671.0,2019
EGY,"Egypt, Arab Rep.",SP.POP.TOTL,"Population, total",103740765.0,2018
SLV,El Salvador,SP.POP.TOTL,"Population, total",6336392.0,2022
SLV,El Salvador,SP.POP.TOTL,"Population, total",6314167.0,2021
SLV,El Salvador,SP.POP.TOTL,"Population, total",6292731.0,2020
SLV,El Salvador,SP.POP.TOTL,"Population, total",6280217.0,2019
SLV,El Salvador,SP.POP.TOTL,"Population, total",6276342.0,2018
GNQ,Equatorial Guinea,SP.POP.TOTL,"Population, total",1674908.0,2022
GNQ,Equatorial Guinea,SP.POP.TOTL,"Population, total",1634466.0,2021
GNQ,Equatorial Guinea,SP.POP.TOTL,"Population, total",1596049.0,2020
GNQ,Equatorial Guinea,SP.POP.TOTL,"Population, total",1553031.0,2019
GNQ,Equatorial Guinea,SP.POP.TOTL,"Population, total",1502091.0,2018
ERI,Eritrea,SP.POP.TOTL,"Population, total",3684032.0,2022
ERI,Eritrea,SP.POP.TOTL,"Population, total",3620312.0,2021
ERI,Eritrea,SP.POP.TOTL,"Population, total",3555868.0,2020
ERI,Eritrea,SP.POP.TOTL,"Population, total",3498818.0,2019
ERI,Eritrea,SP.POP.TOTL,"Population, total",3445374.0,2018
EST,Estonia,SP.POP.TOTL,"Population, total",1348840.0,2022
EST,Estonia,SP.POP.TOTL,"Population, total",1330932.0,2021
EST,Estonia,SP.POP.TOTL,"Population, total",1329522.0,2020
EST,Estonia,SP.POP.TOTL,"Population, total",1326898.0,2019
EST,Estonia,SP.POP.TOTL,"Population, total",1321977.0,2018
SWZ,Eswatini,SP.POP.TOTL,"Population, total",1201670.0,2022
SWZ,Eswatini,SP.POP.TOTL,"Population, total",1192271.0,2021
SWZ,Eswatini,SP.POP.TOTL,"Population, total",1180655.0,2020
SWZ,Eswatini,SP.POP.TOTL,"Population, total",1169613.0,2019
SWZ,Eswatini,SP.POP.TOTL,"Population, total",1160428.0,2018
ETH,Ethiopia,SP.POP.TOTL,"Population, total",123379924.0,2022
ETH,Ethiopia,SP.POP.TOTL,"Population, total",120283026.0,2021
ETH,Ethiopia,SP.POP.TOTL,"Population, total",117190911.0,2020
ETH,Ethiopia,SP.POP.TOTL,"Population, total",114120594.0,2019
ETH,Ethiopia,SP.POP.TOTL,"Population, total",111129438.0,2018
FRO,Faroe Islands,SP.POP.TOTL,"Population, total",53090.0,2022
FRO,Faroe Islands,SP.POP.TOTL,"Population, total",52889.0,2021
FRO,Faroe Islands,SP.POP.TOTL,"Population, total",52415.0,2020
FRO,Faroe Islands,SP.POP.TOTL,"Population, total",51681.0,2019
FRO,Faroe Islands,SP.POP.TOTL,"Population, total",50955.0,2018
FJI,Fiji,SP.POP.TOTL,"Population, total",929766.0,2022
FJI,Fiji,SP.POP.TOTL,"Population, total",924610.0,2021
FJI,Fiji,SP.POP.TOTL,"Population, total",920422.0,2020
FJI,Fiji,SP.POP.TOTL,"Population, total",918465.0,2019
FJI,Fiji,SP.POP.TOTL,"Population, total",918996.0,2018
FIN,Finland,SP.POP.TOTL,"Population, total",5556106.0,2022
FIN,Finland,SP.POP.TOTL,"Population, total",5541017.0,2021
FIN,Finland,SP.POP.TOTL,"Population, total",5529543.0,2020
FIN,Finland,SP.POP.TOTL,"Population, total",5521606.0,2019
FIN,Finland,SP.POP.TOTL,"Population, total",5515525.0,2018
FRA,France,SP.POP.TOTL,"Population, total",67971311.0,2022
FRA,France,SP.POP.TOTL,"Population, total",67764304.0,2021
FRA,France,SP.POP.TOTL,"Population, total",67571107.0,2020
FRA,France,SP.POP.TOTL,"Population, total",67388001.0,2019
FRA,France,SP.POP.TOTL,"Population, total",67158348.0,2018
PYF,French Polynesia,SP.POP.TOTL,"Population, total",306279.0,2022
PYF,French Polynesia,SP.POP.TOTL,"Population, total",304032.0,2021
PYF,French Polynesia,SP.POP.TOTL,"Population, total",301920.0,2020
PYF,French Polynesia,SP.POP.TOTL,"Population, total",299717.0,2019
PYF,French Polynesia,SP.POP.TOTL,"Population, total",297606.0,2018
GAB,Gabon,SP.POP.TOTL,"Population, total",2388992.0,2022
GAB,Gabon,SP.POP.TOTL,"Population, total",2341179.0,2021
GAB,Gabon,SP.POP.TOTL,"Population, total",2292573.0,2020
GAB,Gabon,SP.POP.TOTL,"Population, total",2242785.0,2019
GAB,Gabon,SP.POP.TOTL,"Population, total",2192012.0,2018
GMB,"Gambia, The",SP.POP.TOTL,"Population, total",2705992.0,2022
GMB,"Gambia, The",SP.POP.TOTL,"Population, total",2639916.0,2021
GMB,"Gambia, The",SP.POP.TOTL,"Population, total",2573995.0,2020
GMB,"Gambia, The",SP.POP.TOTL,"Population, total",2508883.0,2019
GMB,"Gambia, The",SP.POP.TOTL,"Population, total",2444916.0,2018
GEO,Georgia,SP.POP.TOTL,"Population, total",3712502.0,2022
GEO,Georgia,SP.POP.TOTL,"Population, total",3708610.0,2021
GEO,Georgia,SP.POP.TOTL,"Population, total",3722716.0,2020
GEO,Georgia,SP.POP.TOTL,"Population, total",3720161.0,2019
GEO,Georgia,SP.POP.TOTL,"Population, total",3726549.0,2018
DEU,Germany,SP.POP.TOTL,"Population, total",83797985.0,2022
DEU,Germany,SP.POP.TOTL,"Population, total",83196078.0,2021
DEU,Germany,SP.POP.TOTL,"Population, total",83160871.0,2020
DEU,Germany,SP.POP.TOTL,"Population, total",83092962.0,2019
DEU,Germany,SP.POP.TOTL,"Population, total",82905782.0,2018
GHA,Ghana,SP.POP.TOTL,"Population, total",33475870.0,2022
GHA,Ghana,SP.POP.TOTL,"Population, total",32833031.0,2021
GHA,Ghana,SP.POP.TOTL,"Population, total",32180401.0,2020
GHA,Ghana,SP.POP.TOTL,"Population, total",31522290.0,2019
GHA,Ghana,SP.POP.TOTL,"Population, total",30870641.0,2018
GIB,Gibraltar,SP.POP.TOTL,"Population, total",32649.0,2022
GIB,Gibraltar,SP.POP.TOTL,"Population, total",32669.0,2021
GIB,Gibraltar,SP.POP.TOTL,"Population, total",32709.0,2020
GIB,Gibraltar,SP.POP.TOTL,"Population, total",32685.0,2019
GIB,Gibraltar,SP.POP.TOTL,"Population, total",32648.0,2018
GRC,Greece,SP.POP.TOTL,"Population, total",10426919.0,2022
GRC,Greece,SP.POP.TOTL,"Population, total",10569207.0,2021
GRC,Greece,SP.POP.TOTL,"Population, total",10698599.0,2020
GRC,Greece,SP.POP.TOTL,"Population, total",10721582.0,2019
GRC,Greece,SP.POP.TOTL,"Population, total",10732882.0,2018
GRL,Greenland,SP.POP.TOTL,"Population, total",56661.0,2022
GRL,Greenland,SP.POP.TOTL,"Population, total",56653.0,2021
GRL,Greenland,SP.POP.TOTL,"Population, total",56367.0,2020
GRL,Greenland,SP.POP.TOTL,"Population, total",56225.0,2019
GRL,Greenland,SP.POP.TOTL,"Population, total",56023.0,2018
GRD,Grenada,SP.POP.TOTL,"Population, total",125438.0,2022
GRD,Grenada,SP.POP.TOTL,"Population, total",124610.0,2021
GRD,Grenada,SP.POP.TOTL,"Population, total",123663.0,2020
GRD,Grenada,SP.POP.TOTL,"Population, total",122724.0,2019
GRD,Grenada,SP.POP.TOTL,"Population, total",121838.0,2018
GUM,Guam,SP.POP.TOTL,"Population, total",171774.0,2022
GUM,Guam,SP.POP.TOTL,"Population, total",170534.0,2021
GUM,Guam,SP.POP.TOTL,"Population, total",169231.0,2020
GUM,Guam,SP.POP.TOTL,"Population, total",168624.0,2019
GUM,Guam,SP.POP.TOTL,"Population, total",168678.0,2018
GTM,Guatemala,SP.POP.TOTL,"Population, total",17357886.0,2022
GTM,Guatemala,SP.POP.TOTL,"Population, total",17109746.0,2021
GTM,Guatemala,SP.POP.TOTL,"Population, total",16858333.0,2020
GTM,Guatemala,SP.POP.TOTL,"Population, total",16604026.0,2019
GTM,Guatemala,SP.POP.TOTL,"Population, total",16346950.0,2018
GIN,Guinea,SP.POP.TOTL,"Population, total",13859341.0,2022
GIN,Guinea,SP.POP.TOTL,"Population, total",13531906.0,2021
GIN,Guinea,SP.POP.TOTL,"Population, total",13205153.0,2020
GIN,Guinea,SP.POP.TOTL,"Population, total",12877539.0,2019
GIN,Guinea,SP.POP.TOTL,"Population, total",12554864.0,2018
GNB,Guinea-Bissau,SP.POP.TOTL,"Population, total",2105566.0,2022
GNB,Guinea-Bissau,SP.POP.TOTL,"Population, total",2060721.0,2021
GNB,Guinea-Bissau,SP.POP.TOTL,"Population, total",2015828.0,2020
GNB,Guinea-Bissau,SP.POP.TOTL,"Population, total",1970457.0,2019
GNB,Guinea-Bissau,SP.POP.TOTL,"Population, total",1924955.0,2018
GUY,Guyana,SP.POP.TOTL,"Population, total",808726.0,2022
GUY,Guyana,SP.POP.TOTL,"Population, total",804567.0,2021
GUY,Guyana,SP.POP.TOTL,"Population, total",797202.0,2020
GUY,Guyana,SP.POP.TOTL,"Population, total",798753.0,2019
GUY,Guyana,SP.POP.TOTL,"Population, total",785514.0,2018
HTI,Haiti,SP.POP.TOTL,"Population, total",11584996.0,2022
HTI,Haiti,SP.POP.TOTL,"Population, total",11447569.0,2021
HTI,Haiti,SP.POP.TOTL,"Population, total",11306801.0,2020
HTI,Haiti,SP.POP.TOTL,"Population, total",11160438.0,2019
HTI,Haiti,SP.POP.TOTL,"Population, total",11012421.0,2018
HND,Honduras,SP.POP.TOTL,"Population, total",10432860.0,2022
HND,Honduras,SP.POP.TOTL,"Population, total",10278345.0,2021
HND,Honduras,SP.POP.TOTL,"Population, total",10121763.0,2020
HND,Honduras,SP.POP.TOTL,"Population, total",9958829.0,2019
HND,Honduras,SP.POP.TOTL,"Population, total",9792850.0,2018
HKG,"Hong Kong SAR, China",SP.POP.TOTL,"Population, total",7346100.0,2022
HKG,"Hong Kong SAR, China",SP.POP.TOTL,"Population, total",7413100.0,2021
HKG,"Hong Kong SAR, China",SP.POP.TOTL,"Population, total",7481000.0,2020
HKG,"Hong Kong SAR, China",SP.POP.TOTL,"Population, total",7507900.0,2019
HKG,"Hong Kong SAR, China",SP.POP.TOTL,"Population, total",7452600.0,2018
HUN,Hungary,SP.POP.TOTL,"Population, total",9643048.0,2022
HUN,Hungary,SP.POP.TOTL,"Population, total",9709891.0,2021
HUN,Hungary,SP.POP.TOTL,"Population, total",9750149.0,2020
HUN,Hungary,SP.POP.TOTL,"Population, total",9771141.0,2019
HUN,Hungary,SP.POP.TOTL,"Population, total",9775564.0,2018
ISL,Iceland,SP.POP.TOTL,"Population, total",382003.0,2022
ISL,Iceland,SP.POP.TOTL,"Population, total",372520.0,2021
ISL,Iceland,SP.POP.TOTL,"Population, total",366463.0,2020
ISL,Iceland,SP.POP.TOTL,"Population, total",360563.0,2019
ISL,Iceland,SP.POP.TOTL,"Population, total",352721.0,2018
IND,India,SP.POP.TOTL,"Population, total",1417173173.0,2022
IND,India,SP.POP.TOTL,"Population, total",1407563842.0,2021
IND,India,SP.POP.TOTL,"Population, total",1396387127.0,2020
IND,India,SP.POP.TOTL,"Population, total",1383112050.0,2019
IND,India,SP.POP.TOTL,"Population, total",1369003306.0,2018
IDN,Indonesia,SP.POP.TOTL,"Population, total",275501339.0,2022
IDN,Indonesia,SP.POP.TOTL,"Population, total",273753191.0,2021
IDN,Indonesia,SP.POP.TOTL,"Population, total",271857970.0,2020
IDN,Indonesia,SP.POP.TOTL,"Population, total",269582878.0,2019
IDN,Indonesia,SP.POP.TOTL,"Population, total",267066843.0,2018
IRN,"Iran, Islamic Rep.",SP.POP.TOTL,"Population, total",88550570.0,2022
IRN,"Iran, Islamic Rep.",SP.POP.TOTL,"Population, total",87923432.0,2021
IRN,"Iran, Islamic Rep.",SP.POP.TOTL,"Population, total",87290193.0,2020
IRN,"Iran, Islamic Rep.",SP.POP.TOTL,"Population, total",86564202.0,2019
IRN,"Iran, Islamic Rep.",SP.POP.TOTL,"Population, total",85617562.0,2018
IRQ,Iraq,SP.POP.TOTL,"Population, total",44496122.0,2022
IRQ,Iraq,SP.POP.TOTL,"Population, total",43533592.0,2021
IRQ,Iraq,SP.POP.TOTL,"Population, total",42556984.0,2020
IRQ,Iraq,SP.POP.TOTL,"Population, total",41563520.0,2019
IRQ,Iraq,SP.POP.TOTL,"Population, total",40590700.0,2018
IRL,Ireland,SP.POP.TOTL,"Population, total",5127170.0,2022
IRL,Ireland,SP.POP.TOTL,"Population, total",5033164.0,2021
IRL,Ireland,SP.POP.TOTL,"Population, total",4985382.0,2020
IRL,Ireland,SP.POP.TOTL,"Population, total",4934340.0,2019
IRL,Ireland,SP.POP.TOTL,"Population, total",4867316.0,2018
IMN,Isle of Man,SP.POP.TOTL,"Population, total",84519.0,2022
IMN,Isle of Man,SP.POP.TOTL,"Population, total",84263.0,2021
IMN,Isle of Man,SP.POP.TOTL,"Population, total",84046.0,2020
IMN,Isle of Man,SP.POP.TOTL,"Population, total",83933.0,2019
IMN,Isle of Man,SP.POP.TOTL,"Population, total",83775.0,2018
ISR,Israel,SP.POP.TOTL,"Population, total",9557500.0,2022
ISR,Israel,SP.POP.TOTL,"Population, total",9371400.0,2021
ISR,Israel,SP.POP.TOTL,"Population, total",9215100.0,2020
ISR,Israel,SP.POP.TOTL,"Population, total",9054000.0,2019
ISR,Israel,SP.POP.TOTL,"Population, total",8882800.0,2018
ITA,Italy,SP.POP.TOTL,"Population, total",58940425.0,2022
ITA,Italy,SP.POP.TOTL,"Population, total",59133173.0,2021
ITA,Italy,SP.POP.TOTL,"Population, total",59438851.0,2020
ITA,Italy,SP.POP.TOTL,"Population, total",59729081.0,2019
ITA,Italy,SP.POP.TOTL,"Population, total",60421760.0,2018
JAM,Jamaica,SP.POP.TOTL,"Population, total",2827377.0,2022
JAM,Jamaica,SP.POP.TOTL,"Population, total",2827695.0,2021
JAM,Jamaica,SP.POP.TOTL,"Population, total",2820436.0,2020
JAM,Jamaica,SP.POP.TOTL,"Population, total",2813773.0,2019
JAM,Jamaica,SP.POP.TOTL,"Population, total",2811835.0,2018
JPN,Japan,SP.POP.TOTL,"Population, total",125124989.0,2022
JPN,Japan,SP.POP.TOTL,"Population, total",125681593.0,2021
JPN,Japan,SP.POP.TOTL,"Population, total",126261000.0,2020
JPN,Japan,SP.POP.TOTL,"Population, total",126633000.0,2019
JPN,Japan,SP.POP.TOTL,"Population, total",126811000.0,2018
JOR,Jordan,SP.POP.TOTL,"Population, total",11285869.0,2022
JOR,Jordan,SP.POP.TOTL,"Population, total",11148278.0,2021
JOR,Jordan,SP.POP.TOTL,"Population, total",10928721.0,2020
JOR,Jordan,SP.POP.TOTL,"Population, total",10698683.0,2019
JOR,Jordan,SP.POP.TOTL,"Population, total",10459865.0,2018
KAZ,Kazakhstan,SP.POP.TOTL,"Population, total",19621972.0,2022
KAZ,Kazakhstan,SP.POP.TOTL,"Population, total",19000988.0,2021
KAZ,Kazakhstan,SP.POP.TOTL,"Population, total",18755666.0,2020
KAZ,Kazakhstan,SP.POP.TOTL,"Population, total",18513673.0,2019
KAZ,Kazakhstan,SP.POP.TOTL,"Population, total",18276452.0,2018
KEN,Kenya,SP.POP.TOTL,"Population, total",54027487.0,2022
KEN,Kenya,SP.POP.TOTL,"Population, total",53005614.0,2021
KEN,Kenya,SP.POP.TOTL,"Population, total",51985780.0,2020
KEN,Kenya,SP.POP.TOTL,"Population, total",50951450.0,2019
KEN,Kenya,SP.POP.TOTL,"Population, total",49953304.0,2018
KIR,Kiribati,SP.POP.TOTL,"Population, total",131232.0,2022
KIR,Kiribati,SP.POP.TOTL,"Population, total",128874.0,2021
KIR,Kiribati,SP.POP.TOTL,"Population, total",126463.0,2020
KIR,Kiribati,SP.POP.TOTL,"Population, total",124241.0,2019
KIR,Kiribati,SP.POP.TOTL,"Population, total",122261.0,2018
PRK,"Korea, Dem. People's Rep.",SP.POP.TOTL,"Population, total",26069416.0,2022
PRK,"Korea, Dem. People's Rep.",SP.POP.TOTL,"Population, total",25971909.0,2021
PRK,"Korea, Dem. People's Rep.",SP.POP.TOTL,"Population, total",25867467.0,2020
PRK,"Korea, Dem. People's Rep.",SP.POP.TOTL,"Population, total",25755441.0,2019
PRK,"Korea, Dem. People's Rep.",SP.POP.TOTL,"Population, total",25638149.0,2018
KOR,"Korea, Rep.",SP.POP.TOTL,"Population, total",51628117.0,2022
KOR,"Korea, Rep.",SP.POP.TOTL,"Population, total",51744876.0,2021
KOR,"Korea, Rep.",SP.POP.TOTL,"Population, total",51836239.0,2020
KOR,"Korea, Rep.",SP.POP.TOTL,"Population, total",51764822.0,2019
KOR,"Korea, Rep.",SP.POP.TOTL,"Population, total",51585058.0,2018
XKX,Kosovo,SP.POP.TOTL,"Population, total",1761985.0,2022
XKX,Kosovo,SP.POP.TOTL,"Population, total",1786038.0,2021
XKX,Kosovo,SP.POP.TOTL,"Population, total",1790133.0,2020
XKX,Kosovo,SP.POP.TOTL,"Population, total",1788878.0,2019
XKX,Kosovo,SP.POP.TOTL,"Population, total",1797085.0,2018
KWT,Kuwait,SP.POP.TOTL,"Population, total",4268873.0,2022
KWT,Kuwait,SP.POP.TOTL,"Population, total",4250114.0,2021
KWT,Kuwait,SP.POP.TOTL,"Population, total",4360444.0,2020
KWT,Kuwait,SP.POP.TOTL,"Population, total",4441100.0,2019
KWT,Kuwait,SP.POP.TOTL,"Population, total",4317185.0,2018
KGZ,Kyrgyz Republic,SP.POP.TOTL,"Population, total",6974900.0,2022
KGZ,Kyrgyz Republic,SP.POP.TOTL,"Population, total",6773400.0,2021
KGZ,Kyrgyz Republic,SP.POP.TOTL,"Population, total",6579900.0,2020
KGZ,Kyrgyz Republic,SP.POP.TOTL,"Population, total",6456200.0,2019
KGZ,Kyrgyz Republic,SP.POP.TOTL,"Population, total",6322800.0,2018
LAO,Lao PDR,SP.POP.TOTL,"Population, total",7529475.0,2022
LAO,Lao PDR,SP.POP.TOTL,"Population, total",7425057.0,2021
LAO,Lao PDR,SP.POP.TOTL,"Population, total",7319399.0,2020
LAO,Lao PDR,SP.POP.TOTL,"Population, total",7212053.0,2019
LAO,Lao PDR,SP.POP.TOTL,"Population, total",7105006.0,2018
LVA,Latvia,SP.POP.TOTL,"Population, total",1879383.0,2022
LVA,Latvia,SP.POP.TOTL,"Population, total",1884490.0,2021
LVA,Latvia,SP.POP.TOTL,"Population, total",1900449.0,2020
LVA,Latvia,SP.POP.TOTL,"Population, total",1913822.0,2019
LVA,Latvia,SP.POP.TOTL,"Population, total",1927174.0,2018
LBN,Lebanon,SP.POP.TOTL,"Population, total",5489739.0,2022
LBN,Lebanon,SP.POP.TOTL,"Population, total",5592631.0,2021
LBN,Lebanon,SP.POP.TOTL,"Population, total",5662923.0,2020
LBN,Lebanon,SP.POP.TOTL,"Population, total",5781907.0,2019
LBN,Lebanon,SP.POP.TOTL,"Population, total",5950839.0,2018
LSO,Lesotho,SP.POP.TOTL,"Population, total",2305825.0,2022
LSO,Lesotho,SP.POP.TOTL,"Population, total",2281454.0,2021
LSO,Lesotho,SP.POP.TOTL,"Population, total",2254100.0,2020
LSO,Lesotho,SP.POP.TOTL,"Population, total",2225702.0,2019
LSO,Lesotho,SP.POP.TOTL,"Population, total",2198017.0,2018
LBR,Liberia,SP.POP.TOTL,"Population, total",5302681.0,2022
LBR,Liberia,SP.POP.TOTL,"Population, total",5193416.0,2021
LBR,Liberia,SP.POP.TOTL,"Population, total",5087584.0,2020
LBR,Liberia,SP.POP.TOTL,"Population, total",4985289.0,2019
LBR,Liberia,SP.POP.TOTL,"Population, total",4889391.0,2018
LBY,Libya,SP.POP.TOTL,"Population, total",6812341.0,2022
LBY,Libya,SP.POP.TOTL,"Population, total",6735277.0,2021
LBY,Libya,SP.POP.TOTL,"Population, total",6653942.0,2020
LBY,Libya,SP.POP.TOTL,"Population, total",6569088.0,2019
LBY,Libya,SP.POP.TOTL,"Population, total",6477793.0,2018
LIE,Liechtenstein,SP.POP.TOTL,"Population, total",39327.0,2022
LIE,Liechtenstein,SP.POP.TOTL,"Population, total",39039.0,2021
LIE,Liechtenstein,SP.POP.TOTL,"Population, total",38756.0,2020
LIE,Liechtenstein,SP.POP.TOTL,"Population, total",38482.0,2019
LIE,Liechtenstein,SP.POP.TOTL,"Population, total",38181.0,2018
LTU,Lithuania,SP.POP.TOTL,"Population, total",2831639.0,2022
LTU,Lithuania,SP.POP.TOTL,"Population, total",2800839.0,2021
LTU,Lithuania,SP.POP.TOTL,"Population, total",2794885.0,2020
LTU,Lithuania,SP.POP.TOTL,"Population, total",2794137.0,2019
LTU,Lithuania,SP.POP.TOTL,"Population, total",2801543.0,2018
LUX,Luxembourg,SP.POP.TOTL,"Population, total",653103.0,2022
LUX,Luxembourg,SP.POP.TOTL,"Population, total",640064.0,2021
LUX,Luxembourg,SP.POP.TOTL,"Population, total",630419.0,2020
LUX,Luxembourg,SP.POP.TOTL,"Population, total",620001.0,2019
LUX,Luxembourg,SP.POP.TOTL,"Population, total",607950.0,2018
MAC,"Macao SAR, China",SP.POP.TOTL,"Population, total",695168.0,2022
MAC,"Macao SAR, China",SP.POP.TOTL,"Population, total",686607.0,2021
MAC,"Macao SAR, China",SP.POP.TOTL,"Population, total",676283.0,2020
MAC,"Macao SAR, China",SP.POP.TOTL,"Population, total",663653.0,2019
MAC,"Macao SAR, China",SP.POP.TOTL,"Population, total",650991.0,2018
MDG,Madagascar,SP.POP.TOTL,"Population, total",29611714.0,2022
MDG,Madagascar,SP.POP.TOTL,"Population, total",28915653.0,2021
MDG,Madagascar,SP.POP.TOTL,"Population, total",28225177.0,2020
MDG,Madagascar,SP.POP.TOTL,"Population, total",27533134.0,2019
MDG,Madagascar,SP.POP.TOTL,"Population, total",26846541.0,2018
MWI,Malawi,SP.POP.TOTL,"Population, total",20405317.0,2022
MWI,Malawi,SP.POP.TOTL,"Population, total",19889742.0,2021
MWI,Malawi,SP.POP.TOTL,"Population, total",19377061.0,2020
MWI,Malawi,SP.POP.TOTL,"Population, total",18867337.0,2019
MWI,Malawi,SP.POP.TOTL,"Population, total",18367883.0,2018
MYS,Malaysia,SP.POP.TOTL,"Population, total",33938221.0,2022
MYS,Malaysia,SP.POP.TOTL,"Population, total",33573874.0,2021
MYS,Malaysia,SP.POP.TOTL,"Population, total",33199993.0,2020
MYS,Malaysia,SP.POP.TOTL,"Population, total",32804020.0,2019
MYS,Malaysia,SP.POP.TOTL,"Population, total",32399271.0,2018
MDV,Maldives,SP.POP.TOTL,"Population, total",523787.0,2022
MDV,Maldives,SP.POP.TOTL,"Population, total",521457.0,2021
MDV,Maldives,SP.POP.TOTL,"Population, total",514438.0,2020
MDV,Maldives,SP.POP.TOTL,"Population, total",504508.0,2019
MDV,Maldives,SP.POP.TOTL,"Population, total",489758.0,2018
MLI,Mali,SP.POP.TOTL,"Population, total",22593590.0,2022
MLI,Mali,SP.POP.TOTL,"Population, total",21904983.0,2021
MLI,Mali,SP.POP.TOTL,"Population, total",21224040.0,2020
MLI,Mali,SP.POP.TOTL,"Population, total",20567424.0,2019
MLI,Mali,SP.POP.TOTL,"Population, total",19934298.0,2018
MLT,Malta,SP.POP.TOTL,"Population, total",531113.0,2022
MLT,Malta,SP.POP.TOTL,"Population, total",518536.0,2021
MLT,Malta,SP.POP.TOTL,"Population, total",515332.0,2020
MLT,Malta,SP.POP.TOTL,"Population, total",504062.0,2019
MLT,Malta,SP.POP.TOTL,"Population, total",484630.0,2018
MHL,Marshall Islands,SP.POP.TOTL,"Population, total",41569.0,2022
MHL,Marshall Islands,SP.POP.TOTL,"Population, total",42050.0,2021
MHL,Marshall Islands,SP.POP.TOTL,"Population, total",43413.0,2020
MHL,Marshall Islands,SP.POP.TOTL,"Population, total",44728.0,2019
MHL,Marshall Islands,SP.POP.TOTL,"Population, total",45989.0,2018
MRT,Mauritania,SP.POP.TOTL,"Population, total",4736139.0,2022
MRT,Mauritania,SP.POP.TOTL,"Population, total",4614974.0,2021
MRT,Mauritania,SP.POP.TOTL,"Population, total",4498604.0,2020
MRT,Mauritania,SP.POP.TOTL,"Population, total",4383849.0,2019
MRT,Mauritania,SP.POP.TOTL,"Population, total",4270712.0,2018
MUS,Mauritius,SP.POP.TOTL,"Population, total",1262523.0,2022
MUS,Mauritius,SP.POP.TOTL,"Population, total",1266334.0,2021
MUS,Mauritius,SP.POP.TOTL,"Population, total",1266014.0,2020
MUS,Mauritius,SP.POP.TOTL,"Population, total",1265985.0,2019
MUS,Mauritius,SP.POP.TOTL,"Population, total",1265577.0,2018
MEX,Mexico,SP.POP.TOTL,"Population, total",127504125.0,2022
MEX,Mexico,SP.POP.TOTL,"Population, total",126705138.0,2021
MEX,Mexico,SP.POP.TOTL,"Population, total",125998302.0,2020
MEX,Mexico,SP.POP.TOTL,"Population, total",125085311.0,2019
MEX,Mexico,SP.POP.TOTL,"Population, total",124013861.0,2018
FSM,"Micronesia, Fed. Sts.",SP.POP.TOTL,"Population, total",114164.0,2022
FSM,"Micronesia, Fed. Sts.",SP.POP.TOTL,"Population, total",113131.0,2021
FSM,"Micronesia, Fed. Sts.",SP.POP.TOTL,"Population, total",112106.0,2020
FSM,"Micronesia, Fed. Sts.",SP.POP.TOTL,"Population, total",111379.0,2019
FSM,"Micronesia, Fed. Sts.",SP.POP.TOTL,"Population, total",110929.0,2018
MDA,Moldova,SP.POP.TOTL,"Population, total",2538894.0,2022
MDA,Moldova,SP.POP.TOTL,"Population, total",2595809.0,2021
MDA,Moldova,SP.POP.TOTL,"Population, total",2635130.0,2020
MDA,Moldova,SP.POP.TOTL,"Population, total",2664224.0,2019
MDA,Moldova,SP.POP.TOTL,"Population, total",2707203.0,2018
MCO,Monaco,SP.POP.TOTL,"Population, total",36469.0,2022
MCO,Monaco,SP.POP.TOTL,"Population, total",36686.0,2021
MCO,Monaco,SP.POP.TOTL,"Population, total",36922.0,2020
MCO,Monaco,SP.POP.TOTL,"Population, total",37034.0,2019
MCO,Monaco,SP.POP.TOTL,"Population, total",37029.0,2018
MNG,Mongolia,SP.POP.TOTL,"Population, total",3398366.0,2022
MNG,Mongolia,SP.POP.TOTL,"Population, total",3347782.0,2021
MNG,Mongolia,SP.POP.TOTL,"Population, total",3294335.0,2020
MNG,Mongolia,SP.POP.TOTL,"Population, total",3232430.0,2019
MNG,Mongolia,SP.POP.TOTL,"Population, total",3163991.0,2018
MNE,Montenegro,SP.POP.TOTL,"Population, total",617213.0,2022
MNE,Montenegro,SP.POP.TOTL,"Population, total",619211.0,2021
MNE,Montenegro,SP.POP.TOTL,"Population, total",621306.0,2020
MNE,Montenegro,SP.POP.TOTL,"Population, total",622028.0,2019
MNE,Montenegro,SP.POP.TOTL,"Population, total",622227.0,2018
MAR,Morocco,SP.POP.TOTL,"Population, total",37457971.0,2022
MAR,Morocco,SP.POP.TOTL,"Population, total",37076584.0,2021
MAR,Morocco,SP.POP.TOTL,"Population, total",36688772.0,2020
MAR,Morocco,SP.POP.TOTL,"Population, total",36304408.0,2019
MAR,Morocco,SP.POP.TOTL,"Population, total",35927511.0,2018
MOZ,Mozambique,SP.POP.TOTL,"Population, total",32969518.0,2022
MOZ,Mozambique,SP.POP.TOTL,"Population, total",32077072.0,2021
MOZ,Mozambique,SP.POP.TOTL,"Population, total",31178239.0,2020
MOZ,Mozambique,SP.POP.TOTL,"Population, total",30285595.0,2019
MOZ,Mozambique,SP.POP.TOTL,"Population, total",29423878.0,2018
MMR,Myanmar,SP.POP.TOTL,"Population, total",54179306.0,2022
MMR,Myanmar,SP.POP.TOTL,"Population, total",53798084.0,2021
MMR,Myanmar,SP.POP.TOTL,"Population, total",53423198.0,2020
MMR,Myanmar,SP.POP.TOTL,"Population, total",53040212.0,2019
MMR,Myanmar,SP.POP.TOTL,"Population, total",52666014.0,2018
NAM,Namibia,SP.POP.TOTL,"Population, total",2567012.0,2022
NAM,Namibia,SP.POP.TOTL,"Population, total",2530151.0,2021
NAM,Namibia,SP.POP.TOTL,"Population, total",2489098.0,2020
NAM,Namibia,SP.POP.TOTL,"Population, total",2446644.0,2019
NAM,Namibia,SP.POP.TOTL,"Population, total",2405680.0,2018
NRU,Nauru,SP.POP.TOTL,"Population, total",12668.0,2022
NRU,Nauru,SP.POP.TOTL,"Population, total",12511.0,2021
NRU,Nauru,SP.POP.TOTL,"Population, total",12315.0,2020
NRU,Nauru,SP.POP.TOTL,"Population, total",12132.0,2019
NRU,Nauru,SP.POP.TOTL,"Population, total",11924.0,2018
NPL,Nepal,SP.POP.TOTL,"Population, total",30547580.0,2022
NPL,Nepal,SP.POP.TOTL,"Population, total",30034989.0,2021
NPL,Nepal,SP.POP.TOTL,"Population, total",29348627.0,2020
NPL,Nepal,SP.POP.TOTL,"Population, total",28832496.0,2019
NPL,Nepal,SP.POP.TOTL,"Population, total",28506712.0,2018
NLD,Netherlands,SP.POP.TOTL,"Population, total",17700982.0,2022
NLD,Netherlands,SP.POP.TOTL,"Population, total",17533044.0,2021
NLD,Netherlands,SP.POP.TOTL,"Population, total",17441500.0,2020
NLD,Netherlands,SP.POP.TOTL,"Population, total",17344874.0,2019
NLD,Netherlands,SP.POP.TOTL,"Population, total",17231624.0,2018
NCL,New Caledonia,SP.POP.TOTL,"Population, total",269220.0,2022
NCL,New Caledonia,SP.POP.TOTL,"Population, total",270390.0,2021
NCL,New Caledonia,SP.POP.TOTL,"Population, total",271080.0,2020
NCL,New Caledonia,SP.POP.TOTL,"Population, total",271240.0,2019
NCL,New Caledonia,SP.POP.TOTL,"Population, total",271170.0,2018
NZL,New Zealand,SP.POP.TOTL,"Population, total",5124100.0,2022
NZL,New Zealand,SP.POP.TOTL,"Population, total",5111400.0,2021
NZL,New Zealand,SP.POP.TOTL,"Population, total",5090200.0,2020
NZL,New Zealand,SP.POP.TOTL,"Population, total",4979200.0,2019
NZL,New Zealand,SP.POP.TOTL,"Population, total",4900600.0,2018
NIC,Nicaragua,SP.POP.TOTL,"Population, total",6948392.0,2022
NIC,Nicaragua,SP.POP.TOTL,"Population, total",6850540.0,2021
NIC,Nicaragua,SP.POP.TOTL,"Population, total",6755895.0,2020
NIC,Nicaragua,SP.POP.TOTL,"Population, total",6663924.0,2019
NIC,Nicaragua,SP.POP.TOTL,"Population, total",6572233.0,2018
NER,Niger,SP.POP.TOTL,"Population, total",26207977.0,2022
NER,Niger,SP.POP.TOTL,"Population, total",25252722.0,2021
NER,Niger,SP.POP.TOTL,"Population, total",24333639.0,2020
NER,Niger,SP.POP.TOTL,"Population, total",23443393.0,2019
NER,Niger,SP.POP.TOTL,"Population, total",22577058.0,2018
NGA,Nigeria,SP.POP.TOTL,"Population, total",218541212.0,2022
NGA,Nigeria,SP.POP.TOTL,"Population, total",213401323.0,2021
NGA,Nigeria,SP.POP.TOTL,"Population, total",208327405.0,2020
NGA,Nigeria,SP.POP.TOTL,"Population, total",203304492.0,2019
NGA,Nigeria,SP.POP.TOTL,"Population, total",198387623.0,2018
MKD,North Macedonia,SP.POP.TOTL,"Population, total",2057679.0,2022
MKD,North Macedonia,SP.POP.TOTL,"Population, total",2065092.0,2021
MKD,North Macedonia,SP.POP.TOTL,"Population, total",2072531.0,2020
MKD,North Macedonia,SP.POP.TOTL,"Population, total",2076694.0,2019
MKD,North Macedonia,SP.POP.TOTL,"Population, total",2076217.0,2018
MNP,Northern Mariana Islands,SP.POP.TOTL,"Population, total",49551.0,2022
MNP,Northern Mariana Islands,SP.POP.TOTL,"Population, total",49481.0,2021
MNP,Northern Mariana Islands,SP.POP.TOTL,"Population, total",49587.0,2020
MNP,Northern Mariana Islands,SP.POP.TOTL,"Population, total",49858.0,2019
MNP,Northern Mariana Islands,SP.POP.TOTL,"Population, total",50304.0,2018
NOR,Norway,SP.POP.TOTL,"Population, total",5457127.0,2022
NOR,Norway,SP.POP.TOTL,"Population, total",5408320.0,2021
NOR,Norway,SP.POP.TOTL,"Population, total",5379475.0,2020
NOR,Norway,SP.POP.TOTL,"Population, total",5347896.0,2019
NOR,Norway,SP.POP.TOTL,"Population, total",5311916.0,2018
OMN,Oman,SP.POP.TOTL,"Population, total",4576298.0,2022
OMN,Oman,SP.POP.TOTL,"Population, total",4520471.0,2021
OMN,Oman,SP.POP.TOTL,"Population, total",4543399.0,2020
OMN,Oman,SP.POP.TOTL,"Population, total",4602768.0,2019
OMN,Oman,SP.POP.TOTL,"Population, total",4601157.0,2018
PAK,Pakistan,SP.POP.TOTL,"Population, total",235824862.0,2022
PAK,Pakistan,SP.POP.TOTL,"Population, total",231402117.0,2021
PAK,Pakistan,SP.POP.TOTL,"Population, total",227196741.0,2020
PAK,Pakistan,SP.POP.TOTL,"Population, total",223293280.0,2019
PAK,Pakistan,SP.POP.TOTL,"Population, total",219731479.0,2018
PLW,Palau,SP.POP.TOTL,"Population, total",18055.0,2022
PLW,Palau,SP.POP.TOTL,"Population, total",18024.0,2021
PLW,Palau,SP.POP.TOTL,"Population, total",17972.0,2020
PLW,Palau,SP.POP.TOTL,"Population, total",17916.0,2019
PLW,Palau,SP.POP.TOTL,"Population, total",17864.0,2018
PAN,Panama,SP.POP.TOTL,"Population, total",4408581.0,2022
PAN,Panama,SP.POP.TOTL,"Population, total",4351267.0,2021
PAN,Panama,SP.POP.TOTL,"Population, total",4294396.0,2020
PAN,Panama,SP.POP.TOTL,"Population, total",4232532.0,2019
PAN,Panama,SP.POP.TOTL,"Population, total",4165255.0,2018
PNG,Papua New Guinea,SP.POP.TOTL,"Population, total",10142619.0,2022
PNG,Papua New Guinea,SP.POP.TOTL,"Population, total",9949437.0,2021
PNG,Papua New Guinea,SP.POP.TOTL,"Population, total",9749640.0,2020
PNG,Papua New Guinea,SP.POP.TOTL,"Population, total",9542486.0,2019
PNG,Papua New Guinea,SP.POP.TOTL,"Population, total",9329227.0,2018
PRY,Paraguay,SP.POP.TOTL,"Population, total",6780744.0,2022
PRY,Paraguay,SP.POP.TOTL,"Population, total",6703799.0,2021
PRY,Paraguay,SP.POP.TOTL,"Population, total",6618695.0,2020
PRY,Paraguay,SP.POP.TOTL,"Population, total",6530026.0,2019
PRY,Paraguay,SP.POP.TOTL,"Population, total",6443328.0,2018
PER,Peru,SP.POP.TOTL,"Population, total",34049588.0,2022
PER,Peru,SP.POP.TOTL,"Population, total",33715471.0,2021
PER,Peru,SP.POP.TOTL,"Population, total",33304756.0,2020
PER,Peru,SP.POP.TOTL,"Population, total",32824861.0,2019
PER,Peru,SP.POP.TOTL,"Population, total",32203944.0,2018
PHL,Philippines,SP.POP.TOTL,"Population, total",115559009.0,2022
PHL,Philippines,SP.POP.TOTL,"Population, total",113880328.0,2021
PHL,Philippines,SP.POP.TOTL,"Population, total",112190977.0,2020
PHL,Philippines,SP.POP.TOTL,"Population, total",110380804.0,2019
PHL,Philippines,SP.POP.TOTL,"Population, total",108568836.0,2018
POL,Poland,SP.POP.TOTL,"Population, total",36821749.0,2022
POL,Poland,SP.POP.TOTL,"Population, total",37747124.0,2021
POL,Poland,SP.POP.TOTL,"Population, total",37899070.0,2020
POL,Poland,SP.POP.TOTL,"Population, total",37965475.0,2019
POL,Poland,SP.POP.TOTL,"Population, total",37974750.0,2018
PRT,Portugal,SP.POP.TOTL,"Population, total",10409704.0,2022
PRT,Portugal,SP.POP.TOTL,"Population, total",10361831.0,2021
PRT,Portugal,SP.POP.TOTL,"Population, total",10297081.0,2020
PRT,Portugal,SP.POP.TOTL,"Population, total",10286263.0,2019
PRT,Portugal,SP.POP.TOTL,"Population, total",10283822.0,2018
PRI,Puerto Rico,SP.POP.TOTL,"Population, total",3221789.0,2022
PRI,Puerto Rico,SP.POP.TOTL,"Population, total",3262693.0,2021
PRI,Puerto Rico,SP.POP.TOTL,"Population, total",3281557.0,2020
PRI,Puerto Rico,SP.POP.TOTL,"Population, total",3193694.0,2019
PRI,Puerto Rico,SP.POP.TOTL,"Population, total",3193354.0,2018
QAT,Qatar,SP.POP.TOTL,"Population, total",2695122.0,2022
QAT,Qatar,SP.POP.TOTL,"Population, total",2688235.0,2021
QAT,Qatar,SP.POP.TOTL,"Population, total",2760385.0,2020
QAT,Qatar,SP.POP.TOTL,"Population, total",2807235.0,2019
QAT,Qatar,SP.POP.TOTL,"Population, total",2766732.0,2018
ROU,Romania,SP.POP.TOTL,"Population, total",19047009.0,2022
ROU,Romania,SP.POP.TOTL,"Population, total",19122059.0,2021
ROU,Romania,SP.POP.TOTL,"Population, total",19265250.0,2020
ROU,Romania,SP.POP.TOTL,"Population, total",19371648.0,2019
ROU,Romania,SP.POP.TOTL,"Population, total",19473970.0,2018
RUS,Russian Federation,SP.POP.TOTL,"Population, total",144236933.0,2022
RUS,Russian Federation,SP.POP.TOTL,"Population, total",144130482.0,2021
RUS,Russian Federation,SP.POP.TOTL,"Population, total",144073139.0,2020
RUS,Russian Federation,SP.POP.TOTL,"Population, total",144406261.0,2019
RUS,Russian Federation,SP.POP.TOTL,"Population, total",144477859.0,2018
RWA,Rwanda,SP.POP.TOTL,"Population, total",13776698.0,2022
RWA,Rwanda,SP.POP.TOTL,"Population, total",13461888.0,2021
RWA,Rwanda,SP.POP.TOTL,"Population, total",13146362.0,2020
RWA,Rwanda,SP.POP.TOTL,"Population, total",12835028.0,2019
RWA,Rwanda,SP.POP.TOTL,"Population, total",12531808.0,2018
WSM,Samoa,SP.POP.TOTL,"Population, total",222382.0,2022
WSM,Samoa,SP.POP.TOTL,"Population, total",218764.0,2021
WSM,Samoa,SP.POP.TOTL,"Population, total",214929.0,2020
WSM,Samoa,SP.POP.TOTL,"Population, total",211905.0,2019
WSM,Samoa,SP.POP.TOTL,"Population, total",209701.0,2018
SMR,San Marino,SP.POP.TOTL,"Population, total",33660.0,2022
SMR,San Marino,SP.POP.TOTL,"Population, total",33745.0,2021
SMR,San Marino,SP.POP.TOTL,"Population, total",34007.0,2020
SMR,San Marino,SP.POP.TOTL,"Population, total",34178.0,2019
SMR,San Marino,SP.POP.TOTL,"Population, total",34156.0,2018
STP,Sao Tome and Principe,SP.POP.TOTL,"Population, total",227380.0,2022
STP,Sao Tome and Principe,SP.POP.TOTL,"Population, total",223107.0,2021
STP,Sao Tome and Principe,SP.POP.TOTL,"Population, total",218641.0,2020
STP,Sao Tome and Principe,SP.POP.TOTL,"Population, total",214599.0,2019
STP,Sao Tome and Principe,SP.POP.TOTL,"Population, total",211344.0,2018
SAU,Saudi Arabia,SP.POP.TOTL,"Population, total",36408820.0,2022
SAU,Saudi Arabia,SP.POP.TOTL,"Population, total",35950396.0,2021
SAU,Saudi Arabia,SP.POP.TOTL,"Population, total",35997107.0,2020
SAU,Saudi Arabia,SP.POP.TOTL,"Population, total",35827362.0,2019
SAU,Saudi Arabia,SP.POP.TOTL,"Population, total",35018133.0,2018
SEN,Senegal,SP.POP.TOTL,"Population, total",17316449.0,2022
SEN,Senegal,SP.POP.TOTL,"Population, total",16876720.0,2021
SEN,Senegal,SP.POP.TOTL,"Population, total",16436120.0,2020
SEN,Senegal,SP.POP.TOTL,"Population, total",16000781.0,2019
SEN,Senegal,SP.POP.TOTL,"Population, total",15574909.0,2018
SRB,Serbia,SP.POP.TOTL,"Population, total",6664449.0,2022
SRB,Serbia,SP.POP.TOTL,"Population, total",6834326.0,2021
SRB,Serbia,SP.POP.TOTL,"Population, total",6899126.0,2020
SRB,Serbia,SP.POP.TOTL,"Population, total",6945235.0,2019
SRB,Serbia,SP.POP.TOTL,"Population, total",6982604.0,2018
SYC,Seychelles,SP.POP.TOTL,"Population, total",119878.0,2022
SYC,Seychelles,SP.POP.TOTL,"Population, total",99258.0,2021
SYC,Seychelles,SP.POP.TOTL,"Population, total",98462.0,2020
SYC,Seychelles,SP.POP.TOTL,"Population, total",97625.0,2019
SYC,Seychelles,SP.POP.TOTL,"Population, total",96762.0,2018
SLE,Sierra Leone,SP.POP.TOTL,"Population, total",8605718.0,2022
SLE,Sierra Leone,SP.POP.TOTL,"Population, total",8420641.0,2021
SLE,Sierra Leone,SP.POP.TOTL,"Population, total",8233970.0,2020
SLE,Sierra Leone,SP.POP.TOTL,"Population, total",8046828.0,2019
SLE,Sierra Leone,SP.POP.TOTL,"Population, total",7861281.0,2018
SGP,Singapore,SP.POP.TOTL,"Population, total",5637022.0,2022
SGP,Singapore,SP.POP.TOTL,"Population, total",5453566.0,2021
SGP,Singapore,SP.POP.TOTL,"Population, total",5685807.0,2020
SGP,Singapore,SP.POP.TOTL,"Population, total",5703569.0,2019
SGP,Singapore,SP.POP.TOTL,"Population, total",5638676.0,2018
SXM,Sint Maarten (Dutch part),SP.POP.TOTL,"Population, total",42848.0,2022
SXM,Sint Maarten (Dutch part),SP.POP.TOTL,"Population, total",42668.0,2021
SXM,Sint Maarten (Dutch part),SP.POP.TOTL,"Population, total",42310.0,2020
SXM,Sint Maarten (Dutch part),SP.POP.TOTL,"Population, total",41608.0,2019
SXM,Sint Maarten (Dutch part),SP.POP.TOTL,"Population, total",40895.0,2018
SVK,Slovak Republic,SP.POP.TOTL,"Population, total",5431752.0,2022
SVK,Slovak Republic,SP.POP.TOTL,"Population, total",5447247.0,2021
SVK,Slovak Republic,SP.POP.TOTL,"Population, total",5458827.0,2020
SVK,Slovak Republic,SP.POP.TOTL,"Population, total",5454147.0,2019
SVK,Slovak Republic,SP.POP.TOTL,"Population, total",5446771.0,2018
SVN,Slovenia,SP.POP.TOTL,"Population, total",2111986.0,2022
SVN,Slovenia,SP.POP.TOTL,"Population, total",2108079.0,2021
SVN,Slovenia,SP.POP.TOTL,"Population, total",2102419.0,2020
SVN,Slovenia,SP.POP.TOTL,"Population, total",2088385.0,2019
SVN,Slovenia,SP.POP.TOTL,"Population, total",2073894.0,2018
SLB,Solomon Islands,SP.POP.TOTL,"Population, total",724273.0,2022
SLB,Solomon Islands,SP.POP.TOTL,"Population, total",707851.0,2021
SLB,Solomon Islands,SP.POP.TOTL,"Population, total",691191.0,2020
SLB,Solomon Islands,SP.POP.TOTL,"Population, total",674993.0,2019
SLB,Solomon Islands,SP.POP.TOTL,"Population, total",659249.0,2018
SOM,Somalia,SP.POP.TOTL,"Population, total",17597511.0,2022
SOM,Somalia,SP.POP.TOTL,"Population, total",17065581.0,2021
SOM,Somalia,SP.POP.TOTL,"Population, total",16537016.0,2020
SOM,Somalia,SP.POP.TOTL,"Population, total",15981300.0,2019
SOM,Somalia,SP.POP.TOTL,"Population, total",15411094.0,2018
ZAF,South Africa,SP.POP.TOTL,"Population, total",59893885.0,2022
ZAF,South Africa,SP.POP.TOTL,"Population, total",59392255.0,2021
ZAF,South Africa,SP.POP.TOTL,"Population, total",58801927.0,2020
ZAF,South Africa,SP.POP.TOTL,"Population, total",58087055.0,2019
ZAF,South Africa,SP.POP.TOTL,"Population, total",57339635.0,2018
SSD,South Sudan,SP.POP.TOTL,"Population, total",10913164.0,2022
SSD,South Sudan,SP.POP.TOTL,"Population, total",10748272.0,2021
SSD,South Sudan,SP.POP.TOTL,"Population, total",10606227.0,2020
SSD,South Sudan,SP.POP.TOTL,"Population, total",10447666.0,2019
SSD,South Sudan,SP.POP.TOTL,"Population, total",10395329.0,2018
ESP,Spain,SP.POP.TOTL,"Population, total",47778340.0,2022
ESP,Spain,SP.POP.TOTL,"Population, total",47415794.0,2021
ESP,Spain,SP.POP.TOTL,"Population, total",47365655.0,2020
ESP,Spain,SP.POP.TOTL,"Population, total",47134837.0,2019
ESP,Spain,SP.POP.TOTL,"Population, total",46797754.0,2018
LKA,Sri Lanka,SP.POP.TOTL,"Population, total",22181000.0,2022
LKA,Sri Lanka,SP.POP.TOTL,"Population, total",22156000.0,2021
LKA,Sri Lanka,SP.POP.TOTL,"Population, total",21919000.0,2020
LKA,Sri Lanka,SP.POP.TOTL,"Population, total",21803000.0,2019
LKA,Sri Lanka,SP.POP.TOTL,"Population, total",21670000.0,2018
KNA,St. Kitts and Nevis,SP.POP.TOTL,"Population, total",47657.0,2022
KNA,St. Kitts and Nevis,SP.POP.TOTL,"Population, total",47606.0,2021
KNA,St. Kitts and Nevis,SP.POP.TOTL,"Population, total",47642.0,2020
KNA,St. Kitts and Nevis,SP.POP.TOTL,"Population, total",47712.0,2019
KNA,St. Kitts and Nevis,SP.POP.TOTL,"Population, total",47761.0,2018
LCA,St. Lucia,SP.POP.TOTL,"Population, total",179857.0,2022
LCA,St. Lucia,SP.POP.TOTL,"Population, total",179651.0,2021
LCA,St. Lucia,SP.POP.TOTL,"Population, total",179237.0,2020
LCA,St. Lucia,SP.POP.TOTL,"Population, total",178583.0,2019
LCA,St. Lucia,SP.POP.TOTL,"Population, total",177888.0,2018
MAF,St. Martin (French part),SP.POP.TOTL,"Population, total",31791.0,2022
MAF,St. Martin (French part),SP.POP.TOTL,"Population, total",31948.0,2021
MAF,St. Martin (French part),SP.POP.TOTL,"Population, total",32553.0,2020
MAF,St. Martin (French part),SP.POP.TOTL,"Population, total",33121.0,2019
MAF,St. Martin (French part),SP.POP.TOTL,"Population, total",33852.0,2018
VCT,St. Vincent and the Grenadines,SP.POP.TOTL,"Population, total",103948.0,2022
VCT,St. Vincent and the Grenadines,SP.POP.TOTL,"Population, total",104332.0,2021
VCT,St. Vincent and the Grenadines,SP.POP.TOTL,"Population, total",104632.0,2020
VCT,St. Vincent and the Grenadines,SP.POP.TOTL,"Population, total",104924.0,2019
VCT,St. Vincent and the Grenadines,SP.POP.TOTL,"Population, total",105281.0,2018
SDN,Sudan,SP.POP.TOTL,"Population, total",46874204.0,2022
SDN,Sudan,SP.POP.TOTL,"Population, total",45657202.0,2021
SDN,Sudan,SP.POP.TOTL,"Population, total",44440486.0,2020
SDN,Sudan,SP.POP.TOTL,"Population, total",43232093.0,2019
SDN,Sudan,SP.POP.TOTL,"Population, total",41999059.0,2018
SUR,Suriname,SP.POP.TOTL,"Population, total",618040.0,2022
SUR,Suriname,SP.POP.TOTL,"Population, total",612985.0,2021
SUR,Suriname,SP.POP.TOTL,"Population, total",607065.0,2020
SUR,Suriname,SP.POP.TOTL,"Population, total",600301.0,2019
SUR,Suriname,SP.POP.TOTL,"Population, total",593715.0,2018
SWE,Sweden,SP.POP.TOTL,"Population, total",10486941.0,2022
SWE,Sweden,SP.POP.TOTL,"Population, total",10415811.0,2021
SWE,Sweden,SP.POP.TOTL,"Population, total",10353442.0,2020
SWE,Sweden,SP.POP.TOTL,"Population, total",10278887.0,2019
SWE,Sweden,SP.POP.TOTL,"Population, total",10175214.0,2018
CHE,Switzerland,SP.POP.TOTL,"Population, total",8775760.0,2022
CHE,Switzerland,SP.POP.TOTL,"Population, total",8704546.0,2021
CHE,Switzerland,SP.POP.TOTL,"Population, total",8638167.0,2020
CHE,Switzerland,SP.POP.TOTL,"Population, total",8575280.0,2019
CHE,Switzerland,SP.POP.TOTL,"Population, total",8514329.0,2018
SYR,Syrian Arab Republic,SP.POP.TOTL,"Population, total",22125249.0,2022
SYR,Syrian Arab Republic,SP.POP.TOTL,"Population, total",21324367.0,2021
SYR,Syrian Arab Republic,SP.POP.TOTL,"Population, total",20772595.0,2020
SYR,Syrian Arab Republic,SP.POP.TOTL,"Population, total",20098251.0,2019
SYR,Syrian Arab Republic,SP.POP.TOTL,"Population, total",19333463.0,2018
TJK,Tajikistan,SP.POP.TOTL,"Population, total",9952787.0,2022
TJK,Tajikistan,SP.POP.TOTL,"Population, total",9750064.0,2021
TJK,Tajikistan,SP.POP.TOTL,"Population, total",9543207.0,2020
TJK,Tajikistan,SP.POP.TOTL,"Population, total",9337003.0,2019
TJK,Tajikistan,SP.POP.TOTL,"Population, total",9128132.0,2018
TZA,Tanzania,SP.POP.TOTL,"Population, total",65497748.0,2022
TZA,Tanzania,SP.POP.TOTL,"Population, total",63588334.0,2021
TZA,Tanzania,SP.POP.TOTL,"Population, total",61704518.0,2020
TZA,Tanzania,SP.POP.TOTL,"Population, total",59872579.0,2019
TZA,Tanzania,SP.POP.TOTL,"Population, total",58090443.0,2018
THA,Thailand,SP.POP.TOTL,"Population, total",71697030.0,2022
THA,Thailand,SP.POP.TOTL,"Population, total",71601103.0,2021
THA,Thailand,SP.POP.TOTL,"Population, total",71475664.0,2020
THA,Thailand,SP.POP.TOTL,"Population, total",71307763.0,2019
THA,Thailand,SP.POP.TOTL,"Population, total",71127802.0,2018
TLS,Timor-Leste,SP.POP.TOTL,"Population, total",1341296.0,2022
TLS,Timor-Leste,SP.POP.TOTL,"Population, total",1320942.0,2021
TLS,Timor-Leste,SP.POP.TOTL,"Population, total",1299995.0,2020
TLS,Timor-Leste,SP.POP.TOTL,"Population, total",1280438.0,2019
TLS,Timor-Leste,SP.POP.TOTL,"Population, total",1261845.0,2018
TGO,Togo,SP.POP.TOTL,"Population, total",8848699.0,2022
TGO,Togo,SP.POP.TOTL,"Population, total",8644829.0,2021
TGO,Togo,SP.POP.TOTL,"Population, total",8442580.0,2020
TGO,Togo,SP.POP.TOTL,"Population, total",8243094.0,2019
TGO,Togo,SP.POP.TOTL,"Population, total",8046679.0,2018
TON,Tonga,SP.POP.TOTL,"Population, total",106858.0,2022
TON,Tonga,SP.POP.TOTL,"Population, total",106017.0,2021
TON,Tonga,SP.POP.TOTL,"Population, total",105254.0,2020
TON,Tonga,SP.POP.TOTL,"Population, total",104951.0,2019
TON,Tonga,SP.POP.TOTL,"Population, total",105150.0,2018
TTO,Trinidad and Tobago,SP.POP.TOTL,"Population, total",1531044.0,2022
TTO,Trinidad and Tobago,SP.POP.TOTL,"Population, total",1525663.0,2021
TTO,Trinidad and Tobago,SP.POP.TOTL,"Population, total",1518147.0,2020
TTO,Trinidad and Tobago,SP.POP.TOTL,"Population, total",1519955.0,2019
TTO,Trinidad and Tobago,SP.POP.TOTL,"Population, total",1504709.0,2018
TUN,Tunisia,SP.POP.TOTL,"Population, total",12356117.0,2022
TUN,Tunisia,SP.POP.TOTL,"Population, total",12262946.0,2021
TUN,Tunisia,SP.POP.TOTL,"Population, total",12161723.0,2020
TUN,Tunisia,SP.POP.TOTL,"Population, total",12049314.0,2019
TUN,Tunisia,SP.POP.TOTL,"Population, total",11933041.0,2018
TUR,Turkiye,SP.POP.TOTL,"Population, total",84979913.0,2022
TUR,Turkiye,SP.POP.TOTL,"Population, total",84147318.0,2021
TUR,Turkiye,SP.POP.TOTL,"Population, total",83384680.0,2020
TUR,Turkiye,SP.POP.TOTL,"Population, total",82579440.0,2019
TUR,Turkiye,SP.POP.TOTL,"Population, total",81407204.0,2018
TKM,Turkmenistan,SP.POP.TOTL,"Population, total",6430770.0,2022
TKM,Turkmenistan,SP.POP.TOTL,"Population, total",6341855.0,2021
TKM,Turkmenistan,SP.POP.TOTL,"Population, total",6250438.0,2020
TKM,Turkmenistan,SP.POP.TOTL,"Population, total",6158420.0,2019
TKM,Turkmenistan,SP.POP.TOTL,"Population, total",6065066.0,2018
TCA,Turks and Caicos Islands,SP.POP.TOTL,"Population, total",45703.0,2022
TCA,Turks and Caicos Islands,SP.POP.TOTL,"Population, total",45114.0,2021
TCA,Turks and Caicos Islands,SP.POP.TOTL,"Population, total",44276.0,2020
TCA,Turks and Caicos Islands,SP.POP.TOTL,"Population, total",43080.0,2019
TCA,Turks and Caicos Islands,SP.POP.TOTL,"Population, total",41487.0,2018
TUV,Tuvalu,SP.POP.TOTL,"Population, total",11312.0,2022
TUV,Tuvalu,SP.POP.TOTL,"Population, total",11204.0,2021
TUV,Tuvalu,SP.POP.TOTL,"Population, total",11069.0,2020
TUV,Tuvalu,SP.POP.TOTL,"Population, total",10956.0,2019
TUV,Tuvalu,SP.POP.TOTL,"Population, total",10865.0,2018
UGA,Uganda,SP.POP.TOTL,"Population, total",47249585.0,2022
UGA,Uganda,SP.POP.TOTL,"Population, total",45853778.0,2021
UGA,Uganda,SP.POP.TOTL,"Population, total",44404611.0,2020
UGA,Uganda,SP.POP.TOTL,"Population, total",42949080.0,2019
UGA,Uganda,SP.POP.TOTL,"Population, total",41515395.0,2018
UKR,Ukraine,SP.POP.TOTL,"Population, total",38000000.0,2022
UKR,Ukraine,SP.POP.TOTL,"Population, total",43822901.0,2021
UKR,Ukraine,SP.POP.TOTL,"Population, total",44132049.0,2020
UKR,Ukraine,SP.POP.TOTL,"Population, total",44386203.0,2019
UKR,Ukraine,SP.POP.TOTL,"Population, total",44622518.0,2018
ARE,United Arab Emirates,SP.POP.TOTL,"Population, total",9441129.0,2022
ARE,United Arab Emirates,SP.POP.TOTL,"Population, total",9365145.0,2021
ARE,United Arab Emirates,SP.POP.TOTL,"Population, total",9287289.0,2020
ARE,United Arab Emirates,SP.POP.TOTL,"Population, total",9211657.0,2019
ARE,United Arab Emirates,SP.POP.TOTL,"Population, total",9140169.0,2018
GBR,United Kingdom,SP.POP.TOTL,"Population, total",66971395.0,2022
GBR,United Kingdom,SP.POP.TOTL,"Population, total",67026292.0,2021
GBR,United Kingdom,SP.POP.TOTL,"Population, total",67081234.0,2020
GBR,United Kingdom,SP.POP.TOTL,"Population, total",66836327.0,2019
GBR,United Kingdom,SP.POP.TOTL,"Population, total",66460344.0,2018
USA,United States,SP.POP.TOTL,"Population, total",333287557.0,2022
USA,United States,SP.POP.TOTL,"Population, total",332031554.0,2021
USA,United States,SP.POP.TOTL,"Population, total",331511512.0,2020
USA,United States,SP.POP.TOTL,"Population, total",328329953.0,2019
USA,United States,SP.POP.TOTL,"Population, total",326838199.0,2018
URY,Uruguay,SP.POP.TOTL,"Population, total",3422794.0,2022
URY,Uruguay,SP.POP.TOTL,"Population, total",3426260.0,2021
URY,Uruguay,SP.POP.TOTL,"Population, total",3429086.0,2020
URY,Uruguay,SP.POP.TOTL,"Population, total",3428409.0,2019
URY,Uruguay,SP.POP.TOTL,"Population, total",3427042.0,2018
UZB,Uzbekistan,SP.POP.TOTL,"Population, total",35648100.0,2022
UZB,Uzbekistan,SP.POP.TOTL,"Population, total",34915100.0,2021
UZB,Uzbekistan,SP.POP.TOTL,"Population, total",34232050.0,2020
UZB,Uzbekistan,SP.POP.TOTL,"Population, total",33580350.0,2019
UZB,Uzbekistan,SP.POP.TOTL,"Population, total",32956100.0,2018
VUT,Vanuatu,SP.POP.TOTL,"Population, total",326740.0,2022
VUT,Vanuatu,SP.POP.TOTL,"Population, total",319137.0,2021
VUT,Vanuatu,SP.POP.TOTL,"Population, total",311685.0,2020
VUT,Vanuatu,SP.POP.TOTL,"Population, total",304404.0,2019
VUT,Vanuatu,SP.POP.TOTL,"Population, total",297298.0,2018
VEN,"Venezuela, RB",SP.POP.TOTL,"Population, total",28301696.0,2022
VEN,"Venezuela, RB",SP.POP.TOTL,"Population, total",28199867.0,2021
VEN,"Venezuela, RB",SP.POP.TOTL,"Population, total",28490453.0,2020
VEN,"Venezuela, RB",SP.POP.TOTL,"Population, total",28971683.0,2019
VEN,"Venezuela, RB",SP.POP.TOTL,"Population, total",29825653.0,2018
VNM,Viet Nam,SP.POP.TOTL,"Population, total",98186856.0,2022
VNM,Viet Nam,SP.POP.TOTL,"Population, total",97468029.0,2021
VNM,Viet Nam,SP.POP.TOTL,"Population, total",96648685.0,2020
VNM,Viet Nam,SP.POP.TOTL,"Population, total",95776716.0,2019
VNM,Viet Nam,SP.POP.TOTL,"Population, total",94914330.0,2018
VIR,Virgin Islands (U.S.),SP.POP.TOTL,"Population, total",105413.0,2022
VIR,Virgin Islands (U.S.),SP.POP.TOTL,"Population, total",105870.0,2021
VIR,Virgin Islands (U.S.),SP.POP.TOTL,"Population, total",106290.0,2020
VIR,Virgin Islands (U.S.),SP.POP.TOTL,"Population, total",106669.0,2019
VIR,Virgin Islands (U.S.),SP.POP.TOTL,"Population, total",107001.0,2018
PSE,West Bank and Gaza,SP.POP.TOTL,"Population, total",5043612.0,2022
PSE,West Bank and Gaza,SP.POP.TOTL,"Population, total",4922749.0,2021
PSE,West Bank and Gaza,SP.POP.TOTL,"Population, total",4803269.0,2020
PSE,West Bank and Gaza,SP.POP.TOTL,"Population, total",4685306.0,2019
PSE,West Bank and Gaza,SP.POP.TOTL,"Population, total",4569087.0,2018
YEM,"Yemen, Rep.",SP.POP.TOTL,"Population, total",33696614.0,2022
YEM,"Yemen, Rep.",SP.POP.TOTL,"Population, total",32981641.0,2021
YEM,"Yemen, Rep.",SP.POP.TOTL,"Population, total",32284046.0,2020
YEM,"Yemen, Rep.",SP.POP.TOTL,"Population, total",31546691.0,2019
YEM,"Yemen, Rep.",SP.POP.TOTL,"Population, total",30790513.0,2018
ZMB,Zambia,SP.POP.TOTL,"Population, total",20017675.0,2022
ZMB,Zambia,SP.POP.TOTL,"Population, total",19473125.0,2021
ZMB,Zambia,SP.POP.TOTL,"Population, total",18927715.0,2020
ZMB,Zambia,SP.POP.TOTL,"Population, total",18380477.0,2019
ZMB,Zambia,SP.POP.TOTL,"Population, total",17835893.0,2018
ZWE,Zimbabwe,SP.POP.TOTL,"Population, total",16320537.0,2022
ZWE,Zimbabwe,SP.POP.TOTL,"Population, total",15993524.0,2021
ZWE,Zimbabwe,SP.POP.TOTL,"Population, total",15669666.0,2020
ZWE,Zimbabwe,SP.POP.TOTL,"Population, total",15354608.0,2019
ZWE,Zimbabwe,SP.POP.TOTL,"Population, total",15052184.0,2018
